income,debt,credit_age_years,late_payments,total_payments,credit_utilization,loan_count,savings,creditworthy
139958,26556,16,2,90,0.6049754742242776,2,15767,1
164867,60042,2,0,137,0.827322891955643,3,213719,1
149932,19099,1,2,132,0.6468860520780575,4,173061,0
121694,110089,8,1,98,0.5656596128465932,0,173654,0
137879,46096,19,1,59,0.4381286469969562,7,177442,1
128268,72986,11,4,99,0.41828407111005617,7,47052,0
72886,14230,12,2,79,0.44928717834591564,5,249142,1
155337,30009,12,1,112,0.49905556816914454,7,246886,1
186266,71969,7,1,28,0.1845191840908849,0,101427,1
105498,34866,13,1,49,0.5079906977148909,1,178361,1
130727,106400,8,2,149,0.39646817145778035,4,132591,0
144324,85246,22,1,65,0.5285511793505323,2,154637,1
193203,77975,9,3,145,0.32291143265462396,0,186236,1
34023,42855,7,0,145,0.3049264869384206,1,102547,0
59090,82557,21,0,63,0.5007571509557545,4,70125,0
85221,7416,24,4,26,0.5549994964260935,1,241346,1
82820,73516,15,2,79,0.31713449976113006,5,52281,0
18769,56915,2,2,123,0.7402255804181703,7,246006,0
77735,19058,23,1,115,0.738716872256991,0,191060,1
82925,77637,20,3,18,0.10188823088355858,3,243090,0
23311,41718,12,3,62,0.27905407102900426,3,77285,0
121355,33602,1,2,69,0.475565655383356,4,221291,0
103305,75658,23,0,120,0.5315696963418683,1,203109,1
177765,79112,22,0,122,0.9191147939707858,2,25423,1
148608,59067,8,0,165,0.48099674161287154,0,86693,1
174730,28516,5,1,42,0.4243903292507997,3,217777,1
102478,88969,15,0,103,0.19963223211028375,3,90860,0
140537,2089,1,2,117,0.10121345299463191,1,3706,1
167503,38346,1,0,24,0.42059210586169465,3,53753,1
148523,75663,10,4,157,0.9026247422344356,6,95755,0
20747,11487,22,0,130,0.40341088020176724,7,43334,0
141855,1155,10,0,152,0.27999903968927686,1,69148,1
83725,68494,21,0,126,0.5494552674505576,0,215446,0
147981,77229,15,2,163,0.02,1,104601,1
102654,105648,17,0,68,0.4674438522182278,3,229035,0
184845,39547,22,2,137,0.6313632005293729,1,52627,1
137346,29795,6,1,168,0.24153697601665394,3,17546,1
85435,56296,3,2,65,0.7511513491941058,5,181807,0
74886,22447,13,1,144,0.595130160869291,4,76581,1
84803,37598,16,2,174,0.7531426718302512,3,158371,0
49551,42814,8,3,30,0.14721122353415705,6,199999,0
134216,91751,15,0,88,0.4102459797564312,6,45347,1
29394,76330,17,3,80,0.6528678450762108,6,43221,0
87092,99745,17,3,55,0.1204710875317957,6,173848,0
21890,88960,22,2,49,0.6583557714545116,3,100203,0
59606,64278,13,1,73,0.4104336839211153,3,17948,0
105313,56077,17,1,33,0.6567183463241008,4,27118,0
159699,113782,6,3,84,0.4978434135061907,5,105729,0
26792,103932,17,2,179,0.760381811924135,7,212765,0
192073,72906,16,1,165,0.16577980009072685,2,128677,1
172969,10528,14,2,136,0.5223954640043836,3,19021,1
86148,94812,13,0,16,0.11745563875851944,2,206964,0
142243,51100,6,0,65,0.5422984245537362,0,234181,0
138174,110869,3,3,97,0.5221203819297987,5,191036,0
172555,9179,14,1,14,0.38728205620114714,7,50215,1
142358,49781,14,2,49,0.2775646105274368,1,3223,1
66555,56267,15,1,153,0.3784194789007775,2,169182,0
35159,83379,8,1,153,0.4714835873867786,6,92162,0
128510,24952,15,1,84,0.5125210912265818,5,248248,1
124530,54798,22,4,49,0.8751095148395236,0,98453,0
98077,99696,13,0,136,0.6421516261596242,5,23526,0
53920,111434,17,1,81,0.3208826994305987,1,207464,0
37457,51939,21,3,76,0.5774626429045702,3,249006,0
96953,30516,24,0,36,0.6438901972657911,3,40829,1
70995,57526,3,1,27,0.3056872845835943,6,212140,0
189829,11449,6,1,26,0.6044743280393748,3,53862,1
27692,51290,5,0,142,0.12291851241767193,4,219353,0
194830,87661,22,3,48,0.2976731577363234,4,129048,1
55065,73954,17,0,136,0.13666925240501282,4,153408,0
117299,23746,23,2,124,0.40356745225576685,6,32796,1
181678,68990,2,0,177,0.34579799376774845,4,160239,1
29534,59810,15,2,12,0.3626697230774561,0,199488,0
58397,119362,5,1,82,0.6294047100332927,7,18818,0
109387,84297,20,3,114,0.4699281337671808,6,171964,0
19016,16223,6,3,30,0.6260710812466165,5,26488,0
73591,73237,6,2,63,0.807797059366588,0,171024,0
41247,3597,18,3,129,0.9108265034195349,3,85904,0
42300,66677,18,2,169,0.41924309412874866,1,227636,0
100798,3659,4,1,118,0.5676439709253094,4,146295,0
27268,87516,17,0,66,0.41595301773419197,5,194529,0
104807,75567,14,2,25,0.6731238713505369,1,98931,0
30185,16037,14,0,24,0.6303318245721172,6,163333,0
188171,47738,13,1,95,0.3046814321413053,6,193038,1
157643,104965,7,0,101,0.33705848004397254,0,77520,1
56044,72678,12,0,38,0.7549301986032597,4,70334,0
69214,13109,23,4,100,0.3291825751899461,6,140675,1
132752,23010,15,2,148,0.42540502399036895,0,113587,1
66984,9787,19,0,52,0.5985089999871984,0,79240,0
58774,109400,11,3,59,0.41357336327273064,2,244696,0
20568,9472,15,0,23,0.7874723393884033,5,36261,0
138151,116111,12,1,149,0.677283321234165,0,119367,0
151767,24383,3,2,17,0.2554827316273269,3,17707,1
142375,62709,17,2,173,0.321188545465659,6,20009,1
197262,70785,3,1,52,0.5792635390666921,0,192835,1
154330,114253,19,4,17,0.4385547407715289,4,54169,0
57504,35518,20,1,141,0.023077018952215922,6,20231,1
182231,54909,4,2,26,0.23640576812835348,7,5246,1
31986,19351,3,3,156,0.5015009653776432,7,191954,0
79858,70624,16,0,27,0.6459207341766862,6,31825,0
147312,54330,12,2,167,0.6490663481811628,3,148997,1
30666,16282,8,1,96,0.8818241301229127,0,3316,0
56660,85866,24,1,21,0.29787856621797637,3,192135,0
152633,108945,17,1,149,0.3084004804472231,0,85870,1
44854,22778,7,1,149,0.4444278068547626,5,98608,0
82505,25264,11,2,167,0.081285811911391,3,116911,1
122488,60675,18,2,163,0.4493234501037955,1,135098,1
40662,6075,1,1,30,0.4069889327765584,2,200155,0
26392,76948,3,2,79,0.6241779288755627,3,17289,0
48535,49454,4,3,53,0.6615345316834351,4,104082,0
131569,29365,13,2,151,0.5286001836493416,7,50886,0
70256,73766,6,2,157,0.4506323615861101,2,67020,0
107135,49200,14,3,162,0.5300833971220716,2,41279,1
145478,12002,5,1,95,0.2755778687746821,0,220777,1
53222,14947,16,1,145,0.4318110844634519,3,108061,1
95373,80222,15,2,64,0.4536885241518937,5,87643,0
141684,95840,15,0,109,0.4334812535815636,6,101827,1
28965,117219,4,2,53,0.41237428663722,2,130089,0
42538,79610,8,0,41,0.31332077873893255,4,160351,0
126066,53142,16,1,20,0.22436742596586878,7,151428,1
131252,57307,16,0,45,0.40488014352946444,5,195607,1
157182,5493,4,1,179,0.5807569254965552,7,244096,1
176338,51085,13,1,99,0.06777090879132397,7,67200,1
116806,35228,13,2,156,0.3405980362408996,5,163115,1
155982,80676,2,1,168,0.9052011318569151,4,244950,0
128989,52875,3,2,61,0.40754511109651353,6,97502,0
108982,32655,22,1,87,0.48329694553951635,4,145867,1
139626,44472,8,2,57,0.8545203390075833,0,84536,0
137176,50437,24,1,57,0.520275760042796,7,219507,1
149278,50416,15,1,137,0.5252990754807474,1,220183,1
140409,60711,11,1,28,0.24976773170759606,6,194585,1
41419,7816,9,2,77,0.5188211449735016,3,155230,1
199708,78175,7,2,115,0.4467446413685983,2,181702,1
68015,65307,13,0,16,0.6534809687515377,3,21005,0
140096,113728,2,1,134,0.7310110082292587,5,112737,0
125059,47733,8,0,136,0.4566686202104509,2,86013,0
128687,96028,7,4,123,0.5340611094804824,6,218168,0
105939,117450,24,1,27,0.034227642726302854,0,224316,0
167213,12240,12,2,92,0.02,7,173324,1
123878,99234,19,1,102,0.6905022817537186,7,47176,0
182899,93493,7,0,146,0.02,3,218562,1
80623,99344,10,0,147,0.5220139788180994,0,117754,0
93450,72363,16,4,83,0.4117958615905592,0,229243,0
111426,33762,3,0,107,0.720897585115997,6,217138,0
135845,9259,10,1,122,0.4422614418527063,3,133777,1
171371,51139,6,2,93,0.8464958058198747,3,53510,0
61585,15849,18,0,49,0.40514234675669486,6,48293,1
127225,82768,18,0,65,0.702196758425459,6,120222,0
82044,107108,5,3,87,0.12038798550913016,2,235188,0
191629,90709,21,1,26,0.02,5,225654,1
198152,55869,7,0,127,0.4437933247409011,5,128947,1
127556,64095,2,2,20,0.14186879854363704,6,46420,1
20693,118886,11,2,19,0.4368161705271146,4,153224,0
113259,71910,13,3,121,0.3590969714733975,0,99391,1
43939,87710,23,0,158,0.5831315215901797,7,61278,0
197997,24567,5,0,62,0.21583772711117816,5,188202,1
192013,36292,6,0,42,0.5434238730588464,1,200927,1
170906,75813,24,2,113,0.6400688541405368,6,62216,1
36047,98136,14,1,14,0.4047448998415582,6,75699,0
44105,52631,12,1,110,0.5552108367445255,2,220213,0
93766,10885,4,1,94,0.23471484090829217,6,2209,1
164779,60659,23,1,54,0.3658158099162583,2,137906,1
171048,55306,6,1,40,0.154744505782691,4,164584,1
62262,67314,10,0,21,0.9645299568305223,4,64485,0
143117,66087,18,0,151,0.7203346533603134,6,185031,1
41776,30165,15,1,57,0.8152262410632822,0,211054,0
179152,59929,8,3,41,0.7171765669137284,2,71498,1
146376,68028,9,0,105,0.30410496706087575,2,146100,1
155848,96998,5,0,43,0.11240530708631291,1,53542,1
110787,50812,10,1,58,0.35670391601688023,0,154975,0
145948,51500,20,0,99,0.5545675122865418,0,144789,1
73016,80151,6,0,74,0.38614439371520903,5,236170,0
158546,59643,16,1,165,0.02,4,32545,1
39959,45900,24,2,142,0.6143564903900844,5,247605,0
154602,43946,3,0,34,0.0983938199708313,7,37212,1
137101,8851,10,0,85,0.3570852102690749,0,111079,1
21748,17288,11,5,61,0.8336325583670361,6,43100,0
31545,73692,11,1,175,0.46079468235743853,1,129215,0
145659,68580,17,0,135,0.6868649878248831,6,190707,1
183838,8368,4,0,24,0.5263003875526597,6,54016,1
91530,86436,4,3,137,0.22804147468263317,0,168447,0
111557,97136,17,0,40,0.6104496807291828,5,153392,0
79087,47403,9,2,177,0.43609038137400685,3,21301,0
86840,92170,19,1,132,0.12311729685710221,6,184442,0
136451,10168,5,1,101,0.08619420128952071,6,85717,1
69005,87497,22,1,144,0.534319235996233,3,11168,0
195648,50879,24,2,159,0.9210959083324946,1,70109,1
57353,60871,6,1,89,0.21322418839516274,4,20973,0
70733,110632,3,0,120,0.23946630067324015,2,169123,0
83318,112623,22,2,25,0.5375151985053,0,175831,0
172736,90388,1,1,147,0.1609359178468751,5,249221,1
85172,99646,20,1,59,0.9678907248941542,7,219409,0
111264,33174,22,3,152,0.2595523932625202,4,227252,1
44736,100751,16,2,35,0.3402326869703544,5,95059,0
130859,93491,23,2,90,0.27300087349272517,4,101017,1
130181,7581,11,4,173,0.6556473865561654,0,217415,1
149926,111155,13,3,62,0.9256949008567454,2,200498,0
108084,72853,10,0,14,0.29528625747585824,0,153023,1
187695,65046,3,2,139,0.6406470348134592,2,203983,1
25392,50678,9,1,130,0.16270048624909894,5,164377,0
73680,109392,12,1,69,0.6610402622769044,1,83115,0
195789,112250,23,1,136,0.8368393566833161,2,77406,1
68859,27649,14,3,124,0.7695184082637723,7,217139,0
143657,89668,1,0,66,0.4792213315550679,4,11109,0
175381,83325,18,1,130,0.2227810425379556,1,28842,1
88467,15567,17,4,131,0.45016967142539743,5,143788,1
116506,81404,9,1,91,0.38160435242143453,3,216798,0
127751,90906,9,2,53,0.35172788337007366,1,181657,0
136906,109069,23,2,32,0.49544096748882516,2,235427,1
161760,97019,10,1,21,0.43535978302684114,7,99969,0
43342,62944,19,1,68,0.6057256488112469,1,109055,0
186229,119428,15,4,164,0.6071558372467453,7,223812,1
124308,79002,5,2,67,0.43618431590070045,7,48408,0
124081,29803,15,2,49,0.5450966026121382,5,110407,1
107045,19230,20,2,97,0.740704754869175,1,38530,1
52698,18862,23,3,124,0.3330478780502998,5,112047,1
128078,44355,2,2,123,0.4534963812285437,3,224992,1
98623,32259,13,1,65,0.223761851636824,2,198457,1
40671,100075,24,2,57,0.5555701089744184,6,61730,0
174256,88445,16,1,15,0.49367171628549755,4,77623,1
111384,31795,15,2,73,0.5513913111268078,1,79658,1
191179,115604,10,2,135,0.23245097544490095,6,32898,1
104202,9770,14,2,139,0.618424449577502,0,65908,1
69663,12093,10,2,123,0.47244503161898366,4,83377,0
33708,47571,14,2,96,0.6764895223634539,1,93118,0
109906,1193,23,1,15,0.353698535042424,4,59392,1
67811,101311,9,0,76,0.6001303223420109,6,77578,0
151883,18569,14,2,73,0.5479069169226076,0,28505,1
74250,118082,3,0,101,0.7854231903639847,4,90830,0
130547,12190,20,0,131,0.42441182249767095,6,139245,1
142249,63824,16,2,141,0.32792720653876695,4,86052,1
52754,43752,2,1,148,0.3413669788047685,0,8932,0
160483,33327,10,0,56,0.2061695947187056,7,85445,1
151983,43070,3,0,157,0.339324197139171,0,163313,1
157752,86925,11,1,123,0.02,0,149784,1
102896,41197,11,1,53,0.7511285815105573,7,201265,0
89295,3261,21,3,52,0.8754905268761051,7,31105,1
118689,119424,21,2,100,0.4175312339584067,3,109083,0
29111,94905,22,1,53,0.5463823069650088,5,32382,0
55504,27512,13,1,46,0.48608200394774287,5,89892,0
150874,7716,7,4,177,0.16112694929300303,6,187592,1
26155,87795,23,2,78,0.6757770969190238,0,21589,0
57384,29933,17,1,52,0.7085991075441784,6,172673,0
130561,108225,2,1,110,0.22098359678994503,5,122829,1
65254,5378,12,1,61,0.5225756724831521,4,91452,0
39918,41583,10,0,115,0.3921925188710984,0,173747,0
103981,113082,18,3,97,0.7117828413737899,7,167438,0
48306,86371,22,2,90,0.4317673777492247,1,136923,0
165718,30033,11,0,56,0.4377255438469502,0,225656,1
64843,25000,16,5,158,0.8505933402797003,7,140654,0
138975,112032,17,0,117,0.1672085590230103,0,242385,1
114601,76868,19,1,156,0.5045710947730372,5,173663,0
125512,43604,18,3,133,0.4695031829473118,6,203215,1
165443,69336,3,1,88,0.31720489483615816,2,138579,1
129472,96074,21,2,67,0.8987606939682904,4,139006,0
151121,96655,16,2,123,0.5240407117528215,7,43971,0
180688,74869,6,1,104,0.5977900808147993,7,220560,1
121727,6410,12,3,52,0.6292128763283397,7,6659,1
130893,84375,11,1,17,0.37941204708715515,5,6398,0
38932,57044,15,2,109,0.7231881349142808,6,8242,0
135796,64315,15,2,84,0.6789175779601817,6,161692,1
47855,97055,16,2,179,0.4231379141713669,4,224513,0
192088,72344,10,0,52,0.6564186981248205,6,143868,1
25400,7796,12,1,20,0.7227858992396474,7,180217,0
135858,87716,13,4,19,0.6249209153403903,1,132014,0
191714,55245,4,0,115,0.26625169005410476,7,237987,1
33151,44056,7,1,24,0.4296819602392998,3,180615,0
84690,18709,22,0,30,0.5545814954477886,2,196886,1
22499,59557,2,2,109,0.5054665103636017,1,238088,0
24295,18543,15,4,107,0.28606198294286456,1,53175,0
138885,38418,8,3,60,0.38695604488707985,7,170347,0
144071,95611,7,0,111,0.5274106563942405,4,15937,0
77040,104291,15,1,93,0.11797279119073156,2,230139,0
30183,114504,23,0,169,0.45425264281370925,4,152641,0
178371,104001,14,1,77,0.6032618394194478,3,195019,1
161946,97038,8,3,102,0.5122463678013913,6,14343,0
134336,17724,12,0,70,0.2613546839258809,4,58875,1
50711,4828,13,3,64,0.3000673076484799,0,48803,1
23539,117656,11,2,63,0.777138951186545,4,197935,0
197426,18087,17,2,92,0.24371770325053624,6,197912,1
144063,13605,17,1,170,0.7108469247395878,0,61937,1
151629,32337,24,2,26,0.3133106372598002,1,79069,1
56360,6482,4,1,132,0.6986383033286313,3,182419,0
151272,66333,21,1,159,0.5690428736838039,6,164204,1
196047,93541,8,6,16,0.3734305473953956,5,164428,1
39357,89296,5,2,146,0.061363348444714916,0,17438,0
137121,51952,16,1,29,0.5376848942177539,3,159438,1
95505,6463,4,2,67,0.48994389005976385,4,81504,1
20869,113164,22,0,86,0.5410608113576887,5,19490,0
68108,71448,15,0,107,0.5686683278378868,4,152245,0
130296,5648,12,2,125,0.16089204634365484,6,143448,1
112179,34623,5,2,112,0.536519797520538,1,223722,1
108272,60156,23,1,39,0.6133589484120845,6,219776,1
56467,36634,16,0,61,0.6107633913234509,7,68254,0
41328,45602,14,1,13,0.17432754275465906,6,107380,0
109412,115598,10,1,79,0.703945724349516,6,38763,0
153059,50334,7,0,139,0.5443138875829596,4,67841,1
76871,69648,13,1,88,0.5722205540059404,0,220422,0
171471,23054,20,0,35,0.25294598677468855,1,43347,1
146391,71028,5,1,123,0.6165602805593091,3,43684,0
195286,23207,3,0,130,0.07073890947739137,1,32711,1
104416,81650,15,5,47,0.2633966882910036,7,16177,0
88271,100821,4,4,13,0.7286485421571967,3,179042,0
62064,82554,15,3,138,0.6058907763549437,2,157642,0
125450,22386,14,1,116,0.5141317794691409,0,168436,1
189890,84276,20,1,29,0.6576170529897033,7,180681,1
194597,60518,19,0,19,0.6729023882683723,0,151891,1
37830,53781,13,1,26,0.6167413391924685,3,127220,0
166501,53780,10,3,156,0.4021658519292356,4,190594,1
155965,62440,21,2,34,0.25682976109754807,5,33391,1
134381,45199,5,0,104,0.30404915666252774,4,17788,1
65333,62035,23,1,166,0.7603292986261937,2,53055,0
152508,9210,20,3,176,0.16939030424680995,3,116187,1
94213,45363,20,2,60,0.55798114891211,2,208504,0
154967,112175,6,1,75,0.558319007494718,3,120071,0
168810,79279,4,2,45,0.7729725692958505,2,219167,0
48746,61348,2,1,29,0.5577030110611664,3,156637,0
67377,56284,22,2,75,0.35689077879129877,0,132101,0
197476,108628,16,2,117,0.36035537077686175,7,88462,1
72045,110835,18,0,85,0.44872826415683303,2,195277,0
115888,73124,5,2,113,0.6991872357326095,2,15376,0
188862,69847,22,1,28,0.6274343689248459,7,154947,1
125455,23432,4,1,152,0.21114351380414279,3,49606,1
154672,65089,13,2,63,0.5113058215670677,1,80393,0
111179,56398,19,1,75,0.6315579554746519,1,64996,0
189836,100291,23,1,45,0.39782141517038294,0,3283,1
63714,4321,2,0,106,0.02,4,82456,1
120946,82348,13,1,98,0.4067759142723432,4,67783,0
127616,38383,11,2,113,0.12326706594212333,0,98382,1
123983,114816,22,1,172,0.08843991232074111,4,74178,1
142123,79682,4,3,151,0.6843364977865878,7,196605,0
167661,80190,22,2,87,0.98,5,19365,1
61484,53893,20,0,30,0.7501427998243679,7,235739,0
100989,36820,20,0,148,0.02,5,114255,1
54212,67262,15,2,85,0.4119372080793286,5,151021,0
61525,4760,4,3,156,0.32026855048435804,6,118829,1
196274,23190,9,0,61,0.12639708731570826,6,166575,1
181707,68411,7,2,50,0.5522689234796205,5,128267,0
81208,24377,19,2,149,0.40934537610163213,3,78387,1
51828,47737,19,2,23,0.1939002902927065,1,81942,0
167783,70569,6,0,90,0.02,0,148000,1
21420,39211,6,2,26,0.3160384515089102,7,149904,0
114752,83909,20,2,39,0.4517395498502687,3,140606,1
149373,4744,15,0,143,0.4239483068693553,5,134907,1
194308,25995,15,0,47,0.6838121137458069,0,72251,1
133294,17977,20,1,130,0.5243564872893068,1,166453,1
142019,98938,9,1,76,0.3741816839071903,4,221226,1
83726,35542,4,1,109,0.270209930406321,3,56780,0
159564,11651,18,1,58,0.06039615725347325,1,68412,1
133668,100239,18,2,92,0.20991931076482867,0,242143,1
24102,79931,5,3,50,0.7488305784389876,2,142397,0
199408,96344,20,1,49,0.6402280536034931,3,162518,1
136015,103112,23,3,55,0.5135290114238541,7,100975,0
44641,17715,11,2,108,0.3413047559695255,6,131788,0
183656,45409,5,3,135,0.7230243534882079,0,200238,1
181817,25306,22,2,37,0.22755439648057468,7,62662,1
172165,20086,4,4,175,0.23007049389525885,0,100664,1
121746,15376,12,2,108,0.4294349525686738,6,82249,1
54631,62350,2,1,12,0.02,1,58525,0
90991,72425,13,1,64,0.22131511244314184,7,143656,0
22014,104358,10,0,17,0.39802968740749367,7,136973,0
29093,37636,9,1,48,0.3485285210382011,0,248557,0
36070,87120,10,1,13,0.23258389974111038,3,249543,0
53777,115889,7,3,134,0.8977873253047064,5,115094,0
74958,52649,4,1,80,0.7499172528557441,6,58203,0
100074,35610,19,0,24,0.8272123483775224,3,215058,1
28729,11058,10,2,80,0.4282102555122003,6,226218,0
194089,75637,3,0,77,0.34251108256495877,0,89597,1
176823,79033,21,0,70,0.8023659606872207,1,213922,1
123864,71194,19,2,79,0.4687453996302401,3,4090,0
148858,77917,21,2,70,0.21669226836105035,2,159924,1
123510,65200,2,1,128,0.23197321209212513,5,24454,1
72748,106848,20,1,21,0.37862590411837227,6,57084,0
23801,107022,10,0,152,0.445155488157586,4,210315,0
168262,47619,2,1,141,0.4679214262045236,1,191638,1
198761,18154,2,1,26,0.4096113688666351,1,192960,1
47592,20539,24,1,57,0.9647129135844121,4,99103,0
28647,61058,17,4,149,0.15231338043909287,4,166895,0
157788,63068,16,2,161,0.5979964772899016,3,165079,1
128627,78313,16,2,100,0.34496040000952827,0,106560,1
88316,100932,14,1,88,0.4414671924255547,0,147213,0
20368,31373,7,5,147,0.6569089942134664,2,14746,0
95575,34154,21,1,160,0.0577952675382748,5,5347,1
24655,7031,11,3,161,0.24190854644202694,6,142433,0
88031,94533,24,1,121,0.4205949352157804,0,113972,0
105922,72975,1,2,108,0.7747753904668895,7,6101,0
142046,23785,11,2,56,0.7736155360052104,2,107811,1
162475,79928,23,0,102,0.731006316359658,2,50095,1
50097,119696,21,1,179,0.02,1,174525,0
160038,29669,4,3,125,0.21905078275901582,1,103483,1
142862,95475,7,2,161,0.22810027132247462,5,165740,0
136834,118154,15,2,169,0.43784824605123124,3,243411,0
111848,3282,18,2,84,0.042334162855385715,7,122902,1
70921,35624,12,0,46,0.6915372380813316,4,228218,1
198798,49438,17,4,53,0.02,4,19747,1
144141,90900,1,0,144,0.6771557074718674,5,148081,0
199372,68534,11,2,38,0.6415845362908434,2,91187,1
40677,32705,1,1,43,0.20923529969811008,5,242966,0
73609,39244,15,0,147,0.7276300072510125,4,134128,0
49024,75964,21,0,114,0.37669365598471716,2,165982,0
88313,38437,10,2,96,0.31960622198653604,4,210115,1
145813,78872,7,2,157,0.3572815478518395,3,154287,1
113285,75878,2,0,89,0.37614984296150616,1,225957,0
164410,106368,10,0,154,0.39639172767988984,1,190023,1
131632,73982,24,2,165,0.4013858691660389,2,32375,1
168580,51583,4,2,55,0.254130499216382,5,143148,1
21051,39392,12,1,43,0.30519686730123496,4,118612,0
197819,8461,19,2,39,0.3242474551385366,0,112541,1
132692,101123,11,1,178,0.818000669584539,3,168321,0
105235,11516,8,3,171,0.32434644694014647,4,208690,1
181165,80285,18,1,88,0.31021981382965397,6,42664,1
188806,18514,11,1,29,0.7835923371782311,0,218117,1
91523,101962,11,6,114,0.37915805149216797,3,191357,0
112476,37268,13,1,81,0.25414902002500606,3,192031,1
35019,91486,3,1,130,0.20646940157221264,1,205658,0
101613,101424,12,2,150,0.13756470426022932,2,40779,0
104672,37788,3,0,171,0.5690606943793177,4,61312,0
91847,76749,10,1,159,0.05304283036042806,3,181170,0
100750,62049,17,0,108,0.7461942953972996,4,13414,0
46251,63493,22,0,179,0.42990710540611105,3,169990,0
121481,37027,2,1,147,0.3538436357885221,5,148948,0
130566,94547,17,3,46,0.3997617814893103,7,125938,1
43945,43849,16,2,80,0.551872464088148,1,205612,0
108852,101127,2,0,137,0.3466354125748649,2,11198,0
50217,18858,22,2,110,0.40781022338381945,0,95302,1
26308,85162,20,1,89,0.6816775589902655,0,101524,0
23949,80003,6,3,160,0.5263192406687043,5,170501,0
150222,53395,10,2,122,0.17500839093290577,6,105170,1
118235,40758,10,1,163,0.2942953664271851,1,200405,1
92740,55312,8,0,28,0.05808833699268484,3,237350,1
134352,69670,1,3,157,0.5853542452919532,1,211773,1
84617,117758,13,3,151,0.6088399651917817,2,217863,0
34896,83279,24,2,155,0.2444395900272873,7,125393,0
148798,16434,9,2,15,0.9570675147610501,0,118305,1
195247,65047,22,0,173,0.98,4,238381,1
156877,48775,10,0,103,0.455018097317895,0,122759,1
23237,76769,15,1,86,0.274579138757988,6,72148,0
38056,115682,5,1,170,0.5102362616749614,6,185981,0
194615,67677,22,1,164,0.26937297321151277,6,184256,1
132548,84555,16,1,114,0.6590071051567434,6,193626,1
129488,86920,13,2,35,0.4865990363261561,2,223888,1
152415,109439,22,1,76,0.5024202067370758,3,110169,1
162572,46734,20,2,128,0.837016477203448,1,33528,1
47375,102665,18,0,164,0.31381486823059285,0,243267,0
158734,89503,11,2,167,0.3226220037917574,6,143355,1
34964,41603,9,1,175,0.6388415010713874,0,138025,0
131429,77708,16,1,93,0.35716057711864746,6,127728,1
85215,82926,2,3,17,0.8028429128095115,4,88234,0
87042,69803,2,1,77,0.6701092600279233,1,186887,0
162356,40332,12,2,78,0.36830055644566495,4,61121,1
111468,92703,8,0,83,0.05145529700094287,4,172891,0
27435,22312,9,1,106,0.13050641988917205,6,243921,0
193150,94376,12,1,59,0.3440114665266602,7,24016,1
96832,85526,9,1,81,0.5390361710897388,3,146320,0
69293,45179,10,2,89,0.6925009638263689,0,122184,0
96781,72442,2,1,78,0.40219672809919865,7,150348,0
178196,115332,16,2,76,0.2544445812546079,5,98544,1
61919,118961,20,2,74,0.41903680385187814,1,230821,0
184319,41379,7,2,57,0.45448125724427174,7,150427,1
139172,18297,2,1,158,0.7370879698242532,3,215094,1
112758,3011,1,1,84,0.7248733221953144,5,213747,1
74573,117130,19,0,82,0.2295815210946622,3,181348,0
77101,45014,4,1,121,0.5499001956194839,7,60451,0
44646,113094,24,0,74,0.26215386340282376,6,23529,0
122185,12738,22,1,52,0.26836759004501975,6,169086,1
41049,95333,2,2,18,0.6785086128812208,3,122542,0
116116,48498,14,1,148,0.40615235610125566,7,22096,0
115379,12120,2,0,15,0.5907695816063931,2,97653,1
86385,117517,15,1,100,0.5676416243282619,2,179805,0
144131,9767,12,2,145,0.4325132171019471,3,5417,1
189230,23852,5,2,93,0.5232573011525039,2,73981,1
41289,80239,20,0,32,0.4948477499196218,1,72953,0
128226,1929,7,2,154,0.1969010469409525,0,17494,1
118793,78487,24,2,139,0.5572116292688596,5,113670,1
27823,119387,21,1,116,0.29468054892991247,6,120839,0
59975,92575,10,0,115,0.21479916067325758,1,146374,0
27540,115149,14,1,79,0.6380215529154212,0,57669,0
34364,96040,14,2,171,0.3199097525926995,2,169499,0
153683,18438,5,2,121,0.6943513885120052,5,195342,1
45663,49515,18,3,168,0.6916391446775125,1,60263,0
69991,6744,24,2,77,0.3451147707394716,4,42274,1
122182,84820,14,1,173,0.6850350072451183,6,121240,0
180049,43417,2,0,38,0.3643484603181982,3,230706,1
112704,106284,12,2,71,0.4349542524499609,6,161875,0
67115,8069,22,0,129,0.5586329201539397,0,162236,1
109007,43359,24,2,178,0.8986672109473791,0,40441,0
167143,20799,6,4,55,0.6569973721606779,4,65327,1
29938,99746,4,2,47,0.43728629830278587,4,102461,0
184267,94762,13,0,30,0.47272651835722923,3,248341,1
109680,71188,4,2,102,0.10171306480181447,2,101099,1
22000,90859,22,1,56,0.6710563301982503,6,78925,0
119042,108674,14,1,160,0.6474140840550864,1,53035,0
111610,8597,16,2,162,0.5123683074015507,7,111863,1
121691,48093,4,3,166,0.6079063507421151,7,15490,0
56304,38226,24,0,109,0.02,1,8044,0
87449,73127,1,4,30,0.21201156433865645,1,174841,0
100986,115650,13,1,52,0.8463241952102796,2,29509,0
169836,92369,4,0,37,0.3932999868648831,6,29844,0
126940,78362,20,0,39,0.6166352528367189,6,64212,0
56494,27417,18,2,75,0.2857392964354102,7,154676,1
21373,19693,6,0,79,0.35272311362472497,3,160632,0
161233,80674,3,4,91,0.8580302118051084,1,199180,1
115532,116598,23,1,62,0.41536059982299156,0,134278,1
110658,54161,13,0,113,0.565183216398369,0,116587,1
141633,3169,16,3,21,0.4787002741294983,0,80632,1
118386,85092,5,1,178,0.5042117780869758,4,162622,0
45350,23052,4,1,111,0.49668998303389744,4,54232,0
111008,72849,21,1,133,0.02,2,37228,1
112297,74851,8,1,158,0.5549544906868173,1,87925,0
43351,9036,19,2,75,0.3317215329931029,4,39693,1
106668,32778,14,0,135,0.8415047778976277,0,86533,0
132585,28734,7,2,30,0.2800191463877131,4,102019,1
164377,24173,14,4,87,0.3462477022262084,6,245815,1
93353,31403,6,0,73,0.98,0,89165,0
83953,67321,12,2,152,0.6091490725822932,1,36337,0
75458,72675,16,1,36,0.23364781833754053,6,19060,0
38358,7344,17,2,100,0.4888104550618955,2,244608,1
21267,19800,13,1,103,0.1815132910559017,3,175865,0
100745,26372,23,2,53,0.5066690727091145,3,213213,1
107588,62516,14,2,128,0.27303674261259936,6,168353,1
56513,21538,7,0,50,0.8602666623814904,0,174832,0
175164,64918,14,3,169,0.5425945842649772,4,207941,1
29338,15973,15,0,144,0.5660614803737699,4,50993,0
149484,72155,12,3,92,0.6589452919126955,0,228395,1
25543,101240,17,2,157,0.6835570923839734,7,81459,0
123891,60500,9,1,118,0.29840461446529953,1,167871,1
182568,37575,22,5,122,0.47089312215226453,6,183732,1
78692,106455,15,0,32,0.35199459731738825,0,109606,0
62425,43261,12,1,61,0.9106960810879504,7,202937,0
56756,111659,2,1,132,0.02,1,117600,0
36888,28716,5,0,145,0.3234757963136258,2,7322,0
184807,4236,13,1,61,0.43240848867636117,2,232431,1
65295,16848,20,1,126,0.48012589912258313,6,229684,1
132352,3352,23,1,12,0.475634136258234,0,172947,1
101042,2932,8,2,41,0.43984659030672485,2,40438,1
103999,77449,14,2,118,0.4142680432583212,4,178221,1
35955,9556,15,1,176,0.5030853330835388,1,81369,0
55841,87836,11,1,59,0.5515306598923106,3,20134,0
88640,6498,1,2,98,0.8439559530623073,7,9575,0
183983,77118,21,0,140,0.8420092667812151,3,78899,1
156429,51098,3,0,30,0.5162193092227014,2,90307,1
181551,65386,17,2,57,0.3410239708863858,7,96265,1
79476,113169,19,1,141,0.35641480260535513,1,168852,0
62811,10569,14,1,67,0.16089983356992532,4,21812,1
185280,117127,22,1,156,0.6597115756933656,3,46522,1
169222,57882,23,0,103,0.4401583705981345,4,90383,1
89180,71393,8,0,93,0.5461975502821872,4,203746,0
192358,1340,13,2,90,0.5234244097800272,3,26932,1
130856,44949,20,0,161,0.29652350962360363,3,220247,1
86450,83302,3,0,116,0.2693619277730731,7,50966,0
170424,63443,5,1,38,0.3503592515457932,2,235767,1
129888,92668,9,3,66,0.5568597918953282,7,47580,0
128448,75027,6,0,171,0.43223463248092164,6,244788,0
32397,1138,22,3,71,0.061631728650735684,1,189771,1
190627,1358,2,3,120,0.22468787313941097,0,173162,1
196031,76250,13,2,167,0.391178194291062,1,110113,1
149800,86376,5,1,167,0.4433097189452296,7,28199,0
199589,100931,8,1,131,0.5634054605122997,0,105528,1
137180,31654,23,2,164,0.4586374131867163,7,224849,1
84234,26879,1,1,96,0.37020329215475,3,206559,0
57954,82532,20,3,97,0.3626410080682691,4,146909,0
196352,56778,12,1,128,0.49432175964557956,1,177231,1
97459,38772,23,1,165,0.541970773052705,7,14688,1
165851,59478,11,1,119,0.37744341079700366,4,142859,1
173538,65353,7,3,86,0.21290730039927455,1,167829,1
186011,27762,15,2,130,0.4283068101900888,6,92640,1
184342,14283,22,0,156,0.30703045257639555,5,201212,1
77163,64922,24,3,18,0.5132676658584235,1,229877,1
69934,40420,11,2,159,0.7757644910794568,4,62539,0
181379,56568,22,2,177,0.15265586347709986,5,133135,1
72098,86090,16,3,86,0.7031532732732351,2,79688,0
23486,21219,3,2,69,0.5531887105584423,6,86732,0
157407,58169,20,1,27,0.6926249563613798,3,176853,1
104900,101455,14,3,38,0.35413623123836213,2,235403,1
144020,75965,3,3,62,0.13187390293222873,7,148031,1
120795,47840,1,1,86,0.4895330691177555,2,231477,0
160202,45695,21,3,155,0.757930756445724,1,164352,1
105508,106209,15,2,98,0.21668524433000408,3,226532,0
136324,85754,1,2,134,0.2497313192686101,6,177330,1
78566,78988,17,2,87,0.5791837117611822,5,160539,0
45192,59342,2,2,51,0.33731448435997274,1,149128,0
19062,115516,20,4,78,0.8165387094574277,7,5135,0
102076,19951,6,1,141,0.5934566546886353,0,19564,1
107780,2307,8,1,113,0.2917708704825589,1,65258,1
170617,81388,16,1,163,0.3257778031007447,5,105813,1
39689,91768,19,2,104,0.3344766329689304,4,197732,0
29174,36428,1,0,121,0.44055752161690587,7,29462,0
106461,109707,3,1,93,0.5169792967976696,6,58682,0
144174,93021,3,0,89,0.5009147869235412,6,4728,0
121033,119418,5,4,13,0.20256507403618382,1,140703,0
27348,76774,12,2,76,0.648412637485311,0,143956,0
172786,39975,12,4,31,0.3861821651753913,1,26974,1
56102,118850,20,2,45,0.24594216618528825,7,117092,0
92460,2140,13,1,52,0.3481300646851978,5,103177,1
120634,25842,20,1,34,0.6731477164938962,6,115795,1
107930,27421,9,3,49,0.49187113199820504,0,169108,1
24801,2708,7,3,78,0.5110635372401962,3,86614,0
121150,4630,4,1,73,0.19260261630678865,5,143346,1
197208,20595,19,0,151,0.4790912953225778,6,151923,1
172697,77021,22,2,41,0.6694569893699842,1,63816,1
193333,29308,19,3,98,0.053344426220422625,6,50526,1
19542,45789,6,2,159,0.3644310787193472,0,55467,0
39677,56690,13,0,129,0.5870998230229371,7,118609,0
195804,27086,11,0,17,0.48481372828665537,5,202567,1
199415,17859,13,2,86,0.22586290322851132,3,221832,1
57081,8684,13,0,143,0.5376178299333676,4,126420,1
111105,92088,22,1,104,0.19316956820083336,2,81430,1
37065,2207,20,1,21,0.2591396524374635,0,28965,1
106092,47099,15,0,62,0.2822372744264666,4,236224,1
72693,68496,21,1,104,0.7895453929351277,3,163630,0
44962,67093,13,1,49,0.0826637927610675,4,61807,0
46295,30689,22,2,140,0.09890300658487405,1,54520,0
31807,49651,11,2,147,0.5123307783547421,2,177017,0
191420,14893,19,0,113,0.4730566350534669,0,214298,1
175504,98808,8,3,92,0.3466146040561173,5,190096,1
189334,67418,20,0,94,0.4530415420828768,6,132030,1
186152,104065,8,1,172,0.21580117724651945,3,100983,1
150396,61011,10,2,154,0.4702678547138988,2,124194,1
109267,39635,16,3,42,0.49610969269528943,3,84667,0
184981,57115,19,0,32,0.7172340260271848,6,226037,1
37870,96071,23,1,142,0.8696016376753155,4,150777,0
183650,79405,11,1,137,0.39112450965443796,3,190151,1
44790,73702,13,1,46,0.16987120595473265,7,185972,0
136874,79518,9,1,155,0.5346943625954772,3,131335,0
43289,107233,20,1,56,0.4205625092547036,4,181782,0
33485,104651,24,1,70,0.41082102992565667,4,220854,0
62482,73805,19,3,23,0.0955638400477335,6,47110,0
104188,59954,16,0,151,0.4716954194312061,2,133032,1
22748,29064,7,2,44,0.543028978236857,0,6789,0
158507,80063,19,1,32,0.6685490514554469,4,2533,0
21709,3454,12,1,71,0.33879305003930915,7,52970,1
141961,21878,15,3,63,0.2684157978135341,2,30776,1
48355,52098,23,2,178,0.3370370697854184,6,181374,0
162188,63154,14,0,134,0.655409439761895,3,20725,1
174542,13991,11,0,117,0.7549438118829936,7,66367,1
191416,69344,10,0,111,0.6966178703427569,3,74230,1
60918,105946,11,1,165,0.5924915136171559,5,72542,0
70224,37593,6,1,82,0.4429202572892435,1,94534,0
57298,37304,2,3,146,0.4772216909865461,4,104849,0
98219,31386,11,1,73,0.5092991251756951,6,175500,1
79629,56220,19,1,99,0.3945341476949607,7,97623,0
84040,114613,6,2,35,0.6456198113112049,7,105211,0
46016,70338,14,2,51,0.0863907144565299,2,222970,0
41960,95289,20,1,87,0.12710076370775075,5,6485,0
51591,22083,6,3,147,0.08600354232811669,2,68771,0
121333,19354,17,0,20,0.27351790374620144,0,176746,1
132821,23190,10,2,14,0.7461621058345016,5,241276,1
54395,7142,1,3,32,0.1884296054599876,6,247270,0
147695,29398,3,3,106,0.1965292152371595,2,99519,1
171772,52971,8,2,27,0.2684191799152538,4,222647,1
52620,42862,8,2,118,0.6936530014567313,2,229024,0
146148,99668,20,3,104,0.7657633304140747,1,68681,0
38559,54410,22,1,144,0.6733123080059908,3,156876,0
111396,20503,15,0,150,0.6869493597508604,3,180316,1
39732,49456,24,1,168,0.8134184674665867,7,3475,0
109362,101167,7,1,90,0.05477032766418294,5,128803,0
179426,83035,11,1,81,0.1805246591158967,2,54073,1
31843,106388,7,3,59,0.29583826472389063,2,12047,0
132065,9016,4,0,26,0.472820218450082,2,128104,1
89726,3384,12,2,45,0.4721073702138124,2,210764,0
35640,63320,6,1,71,0.47553950702858805,7,97957,0
70528,16072,14,2,13,0.6335282316833976,1,95491,0
56413,103239,12,0,91,0.02807376371878756,4,89599,0
70638,112431,11,0,30,0.419126964645886,1,50444,0
128133,81018,19,2,60,0.5084340246408119,6,189920,1
124357,41510,21,0,89,0.37838870908232763,6,154871,1
168159,49933,5,2,39,0.4916100124908761,1,88858,1
190502,22826,14,1,59,0.6748864513916172,1,197928,1
173576,69026,21,2,107,0.46368880699788045,3,232980,1
156186,112628,24,2,176,0.9203126869082282,6,213540,1
96859,26518,16,1,120,0.6591951914453609,1,113897,1
117657,25045,13,2,84,0.5085478386828409,2,177311,1
160047,51876,22,0,111,0.5608206196822005,1,105351,1
29023,93446,22,0,40,0.613530034782762,2,59895,0
39447,91102,20,1,168,0.8207928253851916,5,110500,0
143899,52919,22,2,69,0.7083435967881738,6,174015,1
41959,100441,4,1,59,0.5631252661475823,4,64559,0
84203,28103,11,0,34,0.2896961845951443,3,157075,1
137156,119805,17,1,38,0.5412840688766188,4,155573,1
178775,37188,7,1,18,0.5773656853467314,7,33092,1
27337,6845,14,1,60,0.621127647247145,7,213591,0
64427,87698,11,0,120,0.2885421392969404,5,31768,0
79529,37674,22,0,79,0.6123757228967159,4,36604,1
120023,119325,9,1,165,0.6261126487779679,3,89824,0
102665,20337,23,1,162,0.1838294790918128,2,48760,1
123787,23313,13,0,84,0.18568510166169844,5,8476,1
180993,27943,23,1,112,0.6959633811344412,5,131416,1
51307,78949,18,0,19,0.2618631475132718,2,247445,0
176427,1276,11,1,64,0.7883017620169039,2,100138,1
145016,52151,15,2,153,0.3886336762022626,3,109620,1
22835,18611,22,1,146,0.5346713665088971,6,118070,0
38159,105641,19,2,148,0.5239851702320082,1,77498,0
196677,12944,1,4,14,0.2928166891767796,6,30439,1
139790,53887,4,1,89,0.7559003926066359,0,5400,0
123616,82442,14,1,156,0.3888453242495985,1,91976,1
187160,50847,14,2,97,0.46293354055165287,6,245305,1
96752,59653,3,2,57,0.02,1,131418,0
73284,87072,17,1,101,0.15599409201343523,7,26610,0
75043,57622,3,1,167,0.6979683326045111,4,53356,0
184619,28810,16,2,153,0.448782886411849,7,162647,1
115007,78842,14,2,20,0.3211753901874821,0,21728,0
100844,11503,20,2,126,0.3247114172182115,2,119702,1
45532,85761,13,0,165,0.5706891346467392,1,31067,0
183421,37976,15,1,141,0.7272816393740456,6,222911,1
140402,12590,14,2,86,0.32641910025688714,3,47262,1
136012,11886,24,3,92,0.691089595490746,1,241348,1
194517,13866,19,1,139,0.41478335417557816,2,3628,1
154785,67624,6,2,45,0.5601429024382519,6,107068,1
74178,69899,10,0,158,0.05949145115313703,1,77057,0
67407,33792,15,1,50,0.09719104200771711,5,106049,1
68990,10764,21,3,24,0.630418864638961,7,241127,1
147473,87156,22,0,144,0.5104874468590883,4,158452,1
76141,43727,20,2,61,0.5388089836387915,4,61853,0
172865,79471,6,1,34,0.21267080911789454,1,161995,1
74570,9068,23,3,133,0.35710831642993435,4,36058,1
186964,117923,10,0,131,0.08210544245300466,3,58162,1
19015,8295,7,2,99,0.26356139932212486,0,96416,0
79813,42160,22,1,168,0.44497037405221856,1,195466,0
45712,12390,17,0,123,0.5221219416562443,3,198150,1
118497,107752,18,1,122,0.29315544096960905,5,152042,0
157487,21131,17,2,83,0.571473777564321,3,40891,1
130816,95754,9,2,165,0.4415783415417911,3,138002,0
146778,76969,10,1,68,0.4002954410183875,5,168390,1
80292,16038,10,0,12,0.46839886456962304,2,52107,1
41833,53327,7,0,167,0.9119162297090362,1,63953,0
153230,94718,16,1,124,0.41457849431898763,7,240147,1
38309,78064,18,3,73,0.6594935904355596,1,110433,0
24970,22281,6,1,58,0.5701827610965503,1,228451,0
90474,55189,20,0,89,0.3954049368410782,7,51108,0
64540,49511,1,0,117,0.10893704707890889,0,34574,0
169456,9605,1,2,170,0.31201000658936745,3,249757,1
36017,101318,12,0,137,0.4668043685707619,1,107287,0
93880,2381,21,1,16,0.42694910919087575,7,142929,1
123570,67634,2,4,42,0.7352592980983101,7,156585,0
26702,20810,4,2,48,0.2886296241958247,4,102434,0
149456,119343,17,0,90,0.41770149896848013,2,25593,1
18404,25322,4,2,154,0.5680001805118158,5,90219,0
190015,42869,11,2,63,0.38880997872863565,5,104044,1
196998,33955,22,4,150,0.6642081714594793,0,151956,1
178261,62388,4,1,54,0.2107351122752249,7,60986,1
30763,111252,1,1,162,0.11565122082289941,6,138379,0
167456,11207,7,0,51,0.3869874691038373,5,14904,1
116142,88329,18,1,74,0.43437189493318795,2,107071,1
158932,68628,9,0,141,0.49798219369812763,6,216489,1
98642,29220,3,4,98,0.4804600302547185,7,96714,0
68612,85050,8,1,84,0.3601528075020696,7,193620,0
41574,104546,24,0,115,0.11824708853843374,3,146654,0
41524,75085,19,2,169,0.4238840700249812,5,59965,0
28916,23031,4,2,27,0.22136618318249118,6,103448,0
22809,71721,18,0,70,0.4655223608933399,6,241519,0
181273,81807,20,3,58,0.2062416444757664,5,241027,1
162528,72312,11,1,127,0.5334262244337654,4,141097,1
139288,60766,14,0,169,0.8169406226128415,3,182516,1
56765,13449,18,2,120,0.2902862099024692,1,174686,1
183888,90833,16,0,20,0.17167695320196147,7,177016,1
63106,57699,3,2,76,0.7017922285306257,2,194259,0
71932,107127,15,1,70,0.8387401930698917,5,86724,0
166172,82253,4,1,113,0.17597225091949142,4,9604,1
75091,106659,5,0,147,0.4298628353127696,7,238515,0
39949,105769,17,1,134,0.5570864391804327,2,247587,0
55744,112041,7,2,157,0.39274352872330914,6,160362,0
194615,117185,16,1,102,0.06464551239287486,0,239204,1
126319,47092,14,4,107,0.1479594281877693,4,204811,1
110193,64671,16,0,69,0.17108549483867436,7,183845,1
54187,11350,7,3,43,0.22117709751113482,6,9871,0
156311,97158,9,3,59,0.4691072739566371,0,213270,1
142454,101859,4,1,56,0.6915005650715094,5,104318,0
32489,69487,22,2,111,0.15135855016122735,4,78981,0
79877,18622,11,1,111,0.2770996693374673,1,78574,1
192197,71263,2,0,57,0.205808660144342,6,113376,1
67922,54117,12,0,170,0.513451068683087,7,113358,0
112074,104990,12,1,176,0.2691766843728183,2,136577,0
181121,59394,4,1,155,0.227641471635148,2,174550,1
55131,103005,18,0,137,0.09864644916124304,6,86605,0
192016,102084,21,2,57,0.7491374780012146,6,147490,1
133765,24782,7,1,132,0.9317036785618358,3,18411,0
91963,117276,1,0,99,0.4685181407462753,4,100569,0
124884,29454,23,0,72,0.7768309710522224,7,11498,1
143917,68904,13,0,57,0.32527954199482634,7,246108,1
42285,16592,6,4,174,0.44980263146239274,7,58257,0
55626,23173,6,2,92,0.5932801036097812,7,189130,0
191880,34204,12,3,56,0.28461116317737156,4,88995,1
37198,36596,8,1,129,0.4149207012542742,6,155275,0
168830,35324,24,2,58,0.38776541015193733,0,95566,1
33254,112668,22,3,169,0.5463024858502945,4,117498,0
62238,62202,19,3,163,0.4636538302336954,2,88596,0
19252,90400,5,0,173,0.2899707823889303,4,218382,0
57764,114365,18,0,34,0.3838040546188988,3,48917,0
95709,31750,5,3,72,0.6952435892744432,3,231986,0
186513,77112,10,0,176,0.5707482100365685,6,243856,1
71682,17566,1,2,24,0.5516061118478891,2,127154,0
77494,8190,10,2,18,0.9463202771900932,2,22930,0
99317,89607,5,2,177,0.20119100743417953,7,81029,0
83215,39333,12,3,152,0.6061470539857308,2,236403,0
96587,81905,22,1,39,0.4620568201417773,4,15638,0
24949,90571,7,3,107,0.5256396250164951,4,7724,0
73393,2589,9,0,118,0.49010216001663565,1,67738,1
156013,26235,22,0,109,0.2956687386594017,5,100705,1
43934,1159,21,3,123,0.22228869954046684,6,135099,1
172458,13145,12,0,12,0.44996308745450553,5,245331,1
93745,81909,23,1,54,0.27792147586089666,7,147879,0
112456,32921,1,1,53,0.3686868865281957,7,95962,1
71413,105859,11,1,106,0.6255952561566451,0,65109,0
115239,17237,21,3,140,0.18008538944056884,4,43849,1
60318,108507,15,1,62,0.40782333151115235,1,2178,0
88390,9244,2,2,155,0.6819935294581002,1,7817,1
61088,15743,20,0,178,0.338421492211382,3,233355,1
121196,98102,7,2,26,0.7732801487993084,4,74721,0
188883,47101,21,1,136,0.10882528379025042,1,127762,1
73479,112645,12,0,172,0.850264598920855,3,5984,0
37963,85227,22,1,98,0.4539563485536467,0,66096,0
73123,100532,18,2,64,0.15769927735461964,3,220657,0
143911,57378,3,1,156,0.6332990810506767,7,88941,1
120468,72126,7,1,100,0.5447837255038354,0,208844,0
91477,57071,11,1,117,0.7540725123371504,7,89432,0
32388,72121,18,2,17,0.11207099528899583,5,234359,0
23569,75763,12,2,42,0.20885436150856573,7,147707,0
87836,94814,6,0,51,0.6194113917629536,5,207150,0
122573,105350,5,1,169,0.98,2,235658,0
185658,13237,1,1,80,0.5765547102402799,2,111914,1
161087,16649,12,1,146,0.6106190923564483,6,164414,1
63002,38713,11,2,24,0.2825218040128942,3,56680,0
155326,74463,4,1,15,0.40999303584699665,6,112326,0
166216,46409,18,2,14,0.3136364106099344,2,131094,1
173286,49766,4,1,151,0.5605154002576193,7,9988,0
155162,47154,17,1,76,0.6544956426470424,4,34070,0
160709,8016,2,3,38,0.4908576923700946,3,99491,1
171487,80563,24,1,118,0.6249966597950808,1,80132,1
42071,49688,22,0,61,0.443676076250606,7,25659,0
76243,90678,2,3,28,0.7414241794057215,4,77952,0
143827,113056,12,1,43,0.26045882776357376,6,152243,1
126215,55238,6,1,28,0.7615059893283677,3,55778,0
190312,59608,10,2,45,0.2924485651951557,6,100113,1
119570,90081,23,1,46,0.45360512206551995,5,188785,1
182506,117572,21,2,163,0.18725597083890494,0,243911,1
87724,32897,23,2,157,0.5613130525132847,6,24736,1
133359,51961,16,0,61,0.47892671507602064,2,243879,1
93697,69703,14,1,114,0.6125022069103434,2,203416,0
46732,45757,7,1,44,0.06856684316034906,2,59781,0
139465,27917,19,0,100,0.47944812648141927,3,106192,1
160386,23736,23,0,166,0.5387657627664103,4,204345,1
173026,28990,17,2,140,0.23251256327198105,0,198571,1
75108,63551,9,0,96,0.5672635059124798,2,37126,0
129195,59161,13,2,70,0.02,4,128734,1
121081,80623,22,0,21,0.42190042498136654,6,31652,1
54668,23440,5,0,164,0.7607491141158346,1,7390,0
41061,36205,23,0,68,0.41999888607791747,5,88136,0
97252,81811,5,0,77,0.29180579596840595,1,67942,0
57749,56103,10,1,130,0.43577787487725106,0,55492,0
148560,71812,21,1,123,0.47179207300499254,2,100300,1
122680,42627,10,3,26,0.6471977793776111,7,182289,0
165979,107122,7,1,167,0.4785751383553386,7,193405,0
167849,104032,15,4,24,0.617646559780994,1,100531,1
69745,20008,7,1,125,0.4702515333155989,5,113473,0
126464,72274,15,0,129,0.2851499061435888,4,86104,0
109865,33402,3,1,153,0.1415916948407815,7,77969,1
130428,54384,19,1,125,0.5317703071430167,4,227985,1
41624,6793,10,2,45,0.02,1,129633,1
41321,103827,15,2,112,0.061655594072925146,6,221792,0
159560,6571,3,1,36,0.14243239872369168,6,191928,1
40574,97867,6,3,123,0.6072168841843684,2,124439,0
154312,17209,12,1,65,0.12224558289987053,5,50481,1
192293,114550,15,0,23,0.5534302889171865,0,207729,1
159550,91930,6,1,137,0.2229649812038274,2,30612,1
168334,44148,13,2,148,0.4177737018278468,7,89743,1
136831,92218,19,1,42,0.43622722471089653,3,143867,1
153504,3224,3,1,89,0.41448046435108127,1,19564,1
113257,107693,8,0,64,0.3077370691022543,3,50603,1
82291,49695,8,0,123,0.10539786442093796,7,175071,0
145600,110988,23,0,54,0.45590320220925507,1,199709,1
68428,109944,20,0,177,0.5726839110822202,0,102403,0
149374,33441,15,1,53,0.5994256566510808,2,133585,1
149127,107966,4,1,135,0.46799353609956584,5,198087,0
129317,40129,19,1,78,0.506672705043979,7,13324,1
157789,101252,21,0,77,0.28035618242520166,6,17491,1
145449,63368,3,1,155,0.5488833329350076,6,81229,0
46699,111395,13,4,94,0.5407871034715719,2,214531,0
91686,93122,8,2,105,0.384483397302672,1,36600,0
85661,45760,23,0,116,0.46057857865557117,6,66179,0
62247,24478,16,2,155,0.44410498652257635,4,143944,0
165820,72854,13,0,42,0.5504393081623871,3,176130,1
123113,95230,3,1,129,0.11035790686191882,5,132047,1
22621,86716,16,1,39,0.10598409964508132,5,205745,0
164106,13180,9,1,15,0.11740222734357708,6,13358,1
154198,99538,14,2,149,0.35215142881565364,7,73343,0
154194,16372,13,3,29,0.5501676445665746,2,247258,1
36030,30796,21,2,58,0.02,2,28503,0
100838,59272,7,0,171,0.47068145087520163,1,213467,0
102717,119295,15,1,169,0.7126250677930739,4,194866,0
56638,90963,7,0,175,0.5100931292496044,7,54268,0
85067,99826,6,1,20,0.02,7,49905,0
136033,94635,2,2,175,0.5646345925995471,7,64668,0
123977,112022,9,2,40,0.5033018800473963,3,155306,0
106869,55040,22,0,155,0.374619914728894,4,209687,1
123186,76357,24,0,103,0.48999098837132804,5,189822,1
52674,72368,17,1,160,0.14290963874654428,4,164047,0
184926,79356,5,0,75,0.4612175135774655,6,202951,1
64271,17211,12,0,122,0.5552903214983114,1,203236,1
91688,106426,1,2,135,0.2975562430907362,4,90104,0
187590,6842,10,0,121,0.3464184131935604,7,30106,1
129076,64115,11,0,129,0.3251225407704412,3,207589,1
159339,67852,16,2,167,0.34543778054329355,5,232676,1
19062,46968,14,2,111,0.2673681811898742,0,233323,0
68448,18508,8,3,42,0.28046064445312935,5,200850,1
113462,23005,24,1,172,0.5635399230032361,7,60438,1
155301,55575,17,2,92,0.06660739506543867,0,50397,1
65915,81742,18,1,57,0.4902580166205768,3,183582,0
22632,19971,12,2,60,0.5631120372119116,5,169496,0
122592,26599,17,1,53,0.15240587548303153,5,182531,1
152668,88592,14,3,162,0.43315660780418097,5,232826,1
127779,67914,16,1,123,0.24836123465945514,5,238742,1
155240,119062,14,1,38,0.6999921444777087,1,53275,0
126099,68055,9,4,171,0.40476132211005944,2,56034,0
25561,88697,4,0,99,0.7740859891053051,5,201450,0
100152,107239,23,2,132,0.7409010271603047,1,149089,0
143036,105397,11,2,14,0.5176124165819024,3,81372,0
142049,6355,6,1,71,0.9213956789261321,5,81722,0
44734,55120,15,4,90,0.10361455965080679,4,36432,0
155443,75619,5,2,156,0.7679917927074058,5,155829,0
44069,39342,11,4,43,0.39102363000650775,6,49188,0
30910,86992,18,0,18,0.42212862657872857,5,130161,0
91479,79860,13,1,82,0.34852948198802436,7,33116,0
99264,3257,11,3,139,0.13098866086671318,0,169788,1
41275,28364,14,3,69,0.5753112330832639,4,60738,0
90274,25972,18,1,179,0.17704239329706584,5,22456,1
118776,112715,19,0,123,0.31998033687030186,5,136706,1
66447,27654,24,1,59,0.32971886988904325,5,51366,1
183601,81769,15,2,122,0.6690268412668375,1,234448,1
144394,82423,9,2,82,0.43379115106486504,7,128934,1
93703,30320,8,2,176,0.02,3,22856,1
94090,21808,20,1,86,0.2522117996548089,0,201067,1
35260,53389,1,1,85,0.10632751669406365,5,235082,0
130581,96690,4,3,132,0.5605460581231384,3,230127,0
21812,119581,14,3,66,0.18976369340797677,7,62615,0
177096,35773,2,2,52,0.31671618186325395,0,85126,1
134148,52168,16,3,108,0.8350740760840276,0,76137,0
176357,28747,3,2,159,0.5900907286524049,6,71005,1
134421,77396,8,2,44,0.19379087143154639,7,157863,1
19605,109374,6,1,179,0.6315106508650086,0,39615,0
90303,108692,16,0,45,0.2920770578535793,7,2348,0
176211,84692,24,1,73,0.6309609944067145,7,38419,1
94125,58505,16,2,30,0.35928696512620767,5,135950,0
162990,86896,7,3,21,0.23879395325934583,1,13857,0
176518,19135,13,2,131,0.21823692120101987,5,105053,1
142040,91887,13,1,134,0.513278173551023,5,177101,1
162118,97035,5,1,115,0.6508646785889127,3,218986,1
173890,48377,20,0,152,0.5319280974466759,2,111608,1
22324,24554,22,0,16,0.354819052615491,2,196286,0
94323,63491,18,3,69,0.05458437099529112,6,198610,1
27111,56621,15,1,70,0.3093428245546649,7,248877,0
187182,115667,18,2,139,0.17455265678712517,2,27658,1
34389,59283,2,2,97,0.7510852555161369,3,25267,0
140177,86140,10,1,115,0.3623335513585594,4,112998,1
59427,17923,23,1,154,0.5160836241690565,6,81889,1
177818,48591,13,2,140,0.37439559652992926,3,200125,1
140883,63261,18,2,49,0.5445308093747162,0,187070,1
149189,117149,15,1,118,0.6079982850464405,5,241463,1
143808,55336,12,2,120,0.9622600390460214,4,218571,0
130221,75083,15,1,64,0.349696392943968,0,127513,1
31234,61948,13,0,63,0.6794832396360244,6,211783,0
71441,110819,18,0,12,0.5111417499648219,5,184603,0
18846,34002,15,0,22,0.3228127941169885,5,125892,0
28954,81098,23,4,69,0.3385163158789545,6,55416,0
97239,117236,11,3,139,0.5535985345976953,0,163439,0
64514,74016,19,3,179,0.3847475087502802,3,150304,0
106236,27672,3,0,55,0.4730857821949472,2,61048,1
115579,5213,7,2,17,0.5962220296673144,4,236412,1
155541,11293,21,2,167,0.98,7,194509,1
179177,100977,14,2,170,0.4571465749708961,6,51357,1
60101,56860,14,3,19,0.20180184494129788,6,159540,0
82323,63507,22,2,16,0.5375576465421371,5,199128,0
109922,58134,13,1,117,0.3435135458799895,1,23497,0
198448,3100,12,1,123,0.8665937675743118,5,116009,1
194659,111153,24,0,28,0.34063514942206696,7,225535,1
186048,62997,9,1,177,0.45404735477071184,2,8258,1
145534,29172,1,1,20,0.5870410601338223,5,57959,0
85584,21132,19,1,89,0.5580861632716784,1,36902,1
122537,118861,11,0,25,0.7558423522489286,6,17454,0
96477,19199,23,0,165,0.5968463940750954,3,39606,1
60533,37609,22,2,124,0.9654482833412223,5,184699,0
19828,43965,23,3,102,0.5488883499365141,4,56969,0
19917,9016,24,1,36,0.7358027840919751,3,88465,0
38618,40779,22,2,175,0.346764786388957,1,222785,0
50254,103797,19,1,109,0.8844611904345316,0,133857,0
123292,32881,18,2,172,0.3735068684280946,5,75679,1
65362,83594,12,1,14,0.7769273416932243,7,91628,0
38128,25472,23,2,150,0.6462221212411561,6,180890,0
141781,107882,1,1,123,0.46466728088555087,6,120785,0
83545,101462,19,1,157,0.7790476588084879,3,15635,0
100180,52813,20,2,58,0.44736255358823657,5,78518,1
105958,101368,17,2,61,0.7510448756513646,7,15409,0
158937,37021,5,2,168,0.5331708590074515,4,181828,1
151291,55131,3,1,135,0.36701237813406284,5,20541,0
57809,25087,2,1,101,0.5204589610846467,3,60022,0
134748,13828,3,0,78,0.45750279857519227,2,71064,1
23287,62610,8,2,13,0.3526463444465071,3,169399,0
183459,97664,16,3,164,0.5012568804244275,1,179960,1
26512,2401,6,1,158,0.5388110751383405,3,223126,0
150414,86179,13,1,179,0.02,6,26946,1
126872,16193,23,0,13,0.5602999887958228,4,99616,1
168288,93389,22,0,76,0.6130430552721838,3,103241,1
111070,45864,22,0,102,0.7693620633273179,3,131622,1
97767,21307,16,0,127,0.178079863023404,4,157628,1
115829,103518,16,0,60,0.22614912750484928,3,239514,1
175686,20611,3,2,80,0.49604009614618544,6,105445,1
185330,44791,13,2,177,0.29315629131183213,4,117409,1
60078,12950,14,2,143,0.18825307614309456,6,129280,1
124288,77240,8,1,156,0.3590507602167477,6,117611,1
101524,109647,12,1,137,0.37083957718536636,6,23775,0
30219,78403,23,1,64,0.2265570825451983,1,222649,0
18235,3745,23,1,123,0.2250894970003151,4,133907,1
60929,56243,22,0,170,0.42330986690191047,1,184717,0
145309,4866,21,2,161,0.13130192965228776,1,168819,1
85444,33245,8,1,150,0.12776206661615186,7,176357,1
157639,45724,21,0,173,0.46573194736199985,4,177956,1
119834,72354,9,0,124,0.7812414981893552,3,233800,0
102555,52374,1,1,154,0.6112690936733612,5,245943,0
91698,115397,6,0,125,0.7189761009156062,7,149176,0
142450,118480,23,1,149,0.05288674167028212,2,16927,1
154487,31116,19,1,59,0.14010783170159202,5,137593,1
185231,82029,23,2,42,0.4523430403347391,6,46086,1
61925,94574,11,1,48,0.6339688478370346,4,147352,0
155023,21447,11,1,119,0.5903696519492734,3,65266,1
105388,31431,23,0,39,0.1542836701722809,1,246152,1
26007,18908,13,2,170,0.699855545494821,0,163825,0
190904,30336,11,1,81,0.4321032833795387,2,184600,1
76596,41992,18,2,25,0.6211001011197546,7,246556,0
139101,56350,23,2,133,0.3168829373434392,7,182677,1
179595,70561,15,0,27,0.11037770878957193,5,202067,1
106861,118254,1,3,36,0.636085934039836,7,96971,0
104740,52955,21,0,178,0.5533223148760714,3,161149,1
33524,62240,7,2,77,0.17596264309101162,6,199756,0
168354,21093,23,1,49,0.3030020022178581,2,117210,1
173002,7155,13,1,114,0.6009391677451233,6,170417,1
149149,47607,12,5,109,0.4953278337834097,0,164108,1
143501,34487,18,2,126,0.5603722776882322,0,182345,1
38611,114194,24,2,51,0.3346422543743712,7,153074,0
166056,56668,19,1,75,0.7630879213223476,0,195092,1
32060,21963,15,0,100,0.4255469009638359,5,50440,0
61303,51124,8,1,111,0.02,6,172470,1
178359,53870,19,1,155,0.4735265667754524,4,235098,1
57711,57547,10,2,93,0.5830873999772992,7,119771,0
161026,65110,7,2,88,0.5153568754303471,2,192588,1
91340,54554,18,0,70,0.3561400569982398,4,73466,1
120974,21936,16,3,102,0.02018189225656547,6,80924,1
167646,117895,20,1,109,0.3070059835569309,0,123411,1
158256,5426,6,0,150,0.32777874955531267,3,55965,1
168168,89839,9,3,12,0.30497797984718544,0,21691,1
85728,111816,21,2,24,0.5846320039696709,4,71178,0
183088,28606,13,0,41,0.3766469304518205,0,21201,1
29246,48832,21,0,29,0.7539685232252007,6,9421,0
194630,29151,8,3,89,0.40037685616722685,0,107351,1
167453,80303,16,0,152,0.7174945213893912,4,146626,1
145796,12308,13,4,43,0.4971822998754222,4,191900,1
185527,110781,13,2,82,0.5080386169725785,6,190692,1
110263,63522,17,1,61,0.29976972372352956,7,73124,1
153090,46671,23,0,127,0.15286057313901819,7,91307,1
29302,91306,20,0,124,0.43386811407378384,3,93360,0
85506,95108,5,0,91,0.8211062707554762,4,246636,0
59157,107984,22,1,42,0.34908664209009016,6,76852,0
72917,3204,21,2,62,0.31417851147916004,7,62245,1
114646,93769,17,0,166,0.41217763749744285,7,110153,0
101122,88265,9,2,71,0.8390013476894184,3,241321,0
42519,32131,2,4,44,0.6231261324600683,1,47562,0
98910,53428,18,1,138,0.7171378437657222,6,161306,0
138430,34870,9,1,172,0.02,1,87322,1
89324,104547,6,1,137,0.26858127917844243,4,235708,0
23408,105918,11,4,52,0.2762144809980032,7,148401,0
77379,50067,6,3,30,0.6999392543419753,0,148770,0
43053,59585,6,2,52,0.5951736060866657,2,223935,0
158518,108011,13,3,96,0.6822959919740657,0,180681,1
149994,113217,11,4,100,0.037370640152322,4,18548,0
116723,22607,14,3,53,0.6942743609158228,3,172829,1
69356,25968,2,2,131,0.5950518057202232,6,67234,0
28789,99934,8,1,34,0.24669935365247928,0,20340,0
115720,12908,3,1,44,0.40667645017458026,1,71396,0
84656,27423,23,0,31,0.25341104090332345,7,86695,1
62028,110151,21,1,164,0.42874608278582726,5,160937,0
82484,75707,3,1,101,0.548858208231498,7,233144,0
50154,79257,1,2,115,0.7589283049931949,4,192839,0
20336,62215,24,2,23,0.24332774225882806,7,230363,0
121677,56835,19,0,171,0.34677242539550307,0,146815,1
85779,50429,18,1,172,0.20735557131823706,5,204834,1
37029,83152,17,2,154,0.6186439482889612,0,80254,0
77201,109048,20,0,62,0.10337206829623213,3,112192,0
50265,39458,24,1,17,0.48894304973043207,3,237997,0
120916,47169,13,1,102,0.18032664229862833,3,183006,1
192944,8659,3,0,80,0.4600786256782792,5,128658,1
64197,61614,1,2,174,0.7043005797077311,2,190044,0
143733,109905,4,2,134,0.33752219189256877,5,27530,0
172782,78240,13,1,173,0.4985914089758656,4,192408,1
178558,33793,17,1,157,0.253503433654106,4,61003,1
89907,114688,11,5,126,0.4252652195043707,1,34908,0
146876,47473,2,4,165,0.10726208950272909,1,117407,1
82435,97762,16,2,122,0.6056974994953606,4,69186,0
58631,90388,2,0,72,0.3585979088723429,0,42653,0
147038,98618,19,1,118,0.4040576093417321,4,132503,1
38103,89330,23,1,89,0.4652248807117671,6,180104,0
82772,107956,19,2,106,0.02,2,35783,0
144108,119452,16,0,85,0.29770885730937113,1,55535,1
32382,56751,22,0,59,0.4797529630757343,1,246066,0
102291,79915,19,3,107,0.41481765937018034,6,108838,0
119195,55254,9,1,42,0.9290160068745256,7,204900,0
152828,8006,1,1,45,0.7269178766318967,6,90273,0
38609,119171,10,0,98,0.4807109054504985,5,193599,0
165550,117682,19,1,146,0.22505019101988982,6,27551,1
188738,75218,1,2,94,0.3411144285859792,7,45543,1
93683,66344,2,0,146,0.5947896763920899,1,152576,0
142714,34840,16,1,58,0.46685664970385016,4,149443,1
148330,33430,12,2,147,0.7307429200368956,1,52975,1
89315,24091,8,1,140,0.4651147485992839,6,219418,0
95834,33983,23,2,136,0.47548351101001307,6,31036,1
144205,24989,18,0,88,0.8073266759507354,7,247770,1
32153,76451,2,2,14,0.2087559057587335,6,83083,0
94325,109088,13,3,103,0.8314486595520253,7,55756,0
162071,19990,6,2,177,0.6193192188703709,1,94739,1
73318,91270,21,3,154,0.98,6,126348,0
149886,81360,6,3,111,0.295684878452508,5,11305,1
133033,37081,9,3,138,0.8084688294242518,4,207421,0
94077,12033,16,2,79,0.47945181264647446,0,68436,1
108474,109272,11,1,144,0.40917147586745306,7,5747,0
151515,17241,7,0,101,0.5170784920962459,6,178096,1
91319,6939,10,0,100,0.4775472441446521,1,183695,1
143885,114000,10,1,21,0.27863849071619406,1,25245,0
127777,48562,20,0,19,0.4210396692265337,6,136175,1
35368,36063,18,2,23,0.5175634706279595,1,239894,0
164400,101000,24,3,75,0.3564657645720203,6,198681,1
109751,77721,20,2,129,0.5688971272065562,2,116938,0
45306,28045,9,2,70,0.38491466872972774,4,201105,0
188987,117634,15,1,61,0.5508359656708391,6,162649,1
55219,45769,4,0,162,0.5242975490907836,1,192818,0
78279,48118,8,1,51,0.5492931204565309,2,219620,0
71028,85703,9,2,133,0.15328295471419534,0,141559,0
122263,102948,13,3,108,0.6913582179188273,0,182521,0
18126,22625,9,1,138,0.2594715091411423,7,97559,0
70329,105724,4,1,98,0.409112253069157,5,223485,0
45632,28076,17,1,88,0.307915107518149,6,47567,0
127945,65805,16,1,132,0.46569666340244653,5,197921,1
73176,45605,15,2,157,0.4255528578284624,5,205125,0
193399,85565,3,0,160,0.5932624834403798,2,243192,1
152869,89509,20,3,122,0.45965426814240745,0,113709,1
196954,40121,5,2,140,0.3638292608046542,5,118322,1
162790,66101,23,2,177,0.054570196024915696,3,122717,1
52560,32433,5,1,52,0.6445511624759225,5,239620,0
94589,44309,20,2,148,0.5638579589830603,0,138687,1
40116,68468,15,3,34,0.6535273207267948,7,78004,0
185316,45254,18,1,89,0.4092134197293672,3,12879,1
150717,68293,15,3,22,0.5285252428869054,7,99491,1
196595,97258,2,0,82,0.3062537428553659,7,185068,1
142085,38853,13,3,170,0.2861432743332426,2,146150,1
135718,39405,4,3,37,0.3876076456836609,6,187847,1
37256,67652,10,2,41,0.6527975228882085,6,6590,0
118158,44527,13,1,173,0.3895497037579967,3,187172,1
186502,78227,10,1,113,0.4381010962123542,0,12910,1
188354,1492,9,2,80,0.5033378608135629,1,243503,1
137719,94418,8,1,144,0.45557539360188604,3,165048,1
86244,9811,3,3,177,0.6731541920571307,0,23574,0
160766,94344,16,4,167,0.28542498454069765,5,173724,1
74264,25272,14,3,165,0.47194342351193824,7,221324,1
75545,94935,9,1,72,0.5543301101848103,1,35430,0
57224,73010,21,1,117,0.08869853182928156,2,206807,0
115945,93492,11,1,34,0.508530876001913,6,57627,0
31224,48153,3,1,124,0.7452453359927423,2,54239,0
58738,109042,5,1,41,0.3728920220951233,4,55913,0
174222,55110,10,1,78,0.21129083461617218,2,100972,1
81731,14979,13,1,172,0.5527473254606619,4,95276,1
198760,111059,4,1,142,0.4894872008747734,2,142549,1
157649,109101,24,4,132,0.7849382795579489,2,54772,1
26070,29328,13,0,94,0.5462869497257282,2,67696,0
144161,113911,12,3,73,0.2424196387737511,4,176430,1
26666,13867,5,1,68,0.2324753952676232,5,177277,0
75761,60234,10,2,12,0.6391601997239897,4,205068,0
54368,26851,24,2,113,0.5285206015788309,7,195448,0
155855,32279,9,1,80,0.43719172417973545,3,215009,1
59914,118431,20,1,70,0.48792540498352266,0,102837,0
145738,97063,7,3,57,0.547225895355792,0,155966,0
85526,74402,2,1,117,0.5320203836857189,5,104750,0
194837,16449,22,1,45,0.11879502860090851,0,192991,1
37956,77221,24,1,112,0.7176733433375719,2,244535,0
64240,90080,23,0,108,0.7323943612567643,5,236930,0
139008,6451,7,0,164,0.8482282493497648,0,115572,1
186220,88178,8,1,40,0.8003732222197717,4,241885,0
112270,42316,7,2,164,0.7629600688201197,3,4918,0
22757,64064,21,1,134,0.3869730488819592,1,113683,0
37097,64761,23,2,84,0.5163012850471467,3,27629,0
159467,106490,14,1,154,0.7067397341600011,0,18699,0
165313,39870,19,0,15,0.053834508209757714,5,114436,1
121892,97566,5,1,49,0.4018906569660092,6,55984,0
176768,31873,23,3,31,0.0748183916395962,0,53363,1
88480,59627,18,2,124,0.5116619594883849,4,9069,0
64163,67155,20,1,34,0.7284777467653238,3,108815,0
37816,100186,12,2,176,0.45413562920308537,6,187357,0
198912,26372,23,0,122,0.3247708938804539,4,106726,1
70853,4642,17,1,147,0.5122963029480393,7,72063,1
173989,29001,13,0,176,0.5407414563401814,7,21099,1
114731,35064,2,1,56,0.556248302477944,4,191049,1
170638,95826,13,1,108,0.18271330931732044,1,17622,1
80823,15122,7,2,44,0.5035667866527006,4,159353,1
169878,25820,10,0,146,0.49051698346162415,6,41433,1
19759,69431,23,2,33,0.6586249002311392,4,41875,0
191021,56745,6,0,144,0.4333661226025292,1,214139,1
110374,51081,3,2,26,0.8843293030658923,7,131381,0
151554,71902,3,1,32,0.4681137548528313,2,138204,1
42442,9711,18,1,137,0.34482242125861867,6,96932,1
182791,86132,11,1,100,0.2293146583379695,2,60016,1
111501,19793,22,1,28,0.3369515038111127,6,176311,1
20079,9199,20,0,67,0.2742231329734871,5,62891,0
151789,77253,5,1,61,0.41567538833807494,1,108966,1
77676,37191,19,2,146,0.8210798271003881,5,95343,0
177024,11211,22,0,129,0.1289520406414258,5,41550,1
191532,112086,19,1,133,0.1444015736404609,7,119295,1
108397,64069,15,1,61,0.39838018800636776,4,29196,0
90847,89896,16,1,71,0.15015703892245114,5,214601,0
111607,57746,24,0,136,0.23397396863361739,0,55849,1
167521,22542,9,0,127,0.5246151748343109,6,224566,1
182608,32312,4,0,146,0.43842716571328566,7,49358,1
82077,46242,15,2,179,0.5464721154230897,3,41513,0
56258,102971,12,0,99,0.5800327644575584,0,237010,0
197374,94783,23,3,116,0.7453706639786859,0,243943,1
177937,88893,3,3,66,0.533387341864672,4,172100,1
155717,56388,23,1,75,0.7150958161587544,3,82481,1
137771,107581,14,1,107,0.4735563907257336,5,216177,0
56000,28691,17,2,179,0.5358946136282825,3,90915,0
44737,78960,19,2,55,0.5330545275568139,5,126790,0
29485,85388,6,3,141,0.5126027602249157,2,40877,0
56565,23601,4,3,160,0.4952486053671173,1,155897,0
174594,119307,7,2,61,0.8506164291599057,4,68451,0
137614,19020,19,3,122,0.6035811667491219,5,25848,1
83155,9155,17,0,148,0.3515747668907168,5,249377,1
70487,70119,16,1,110,0.9655534931865657,3,146741,0
147948,82051,15,0,159,0.36704832409396076,4,11875,1
30342,37777,22,1,157,0.44884969946944653,6,82389,0
58806,20710,8,1,95,0.2672612364970221,5,69961,0
66770,109714,19,2,41,0.6077647569581749,2,99976,0
96623,25532,8,0,76,0.8218518179594485,0,166265,1
121177,19601,18,2,35,0.1219436086452293,5,102091,1
149026,64227,16,1,101,0.3889783977215959,3,233960,1
93629,5967,20,2,117,0.695655007219143,6,236024,1
138993,85289,19,0,168,0.21695019089832718,7,18552,1
144944,21022,10,0,88,0.5763640962060425,2,166354,1
123947,44463,17,0,79,0.16368305133646055,4,169275,1
44399,75671,13,1,120,0.5397447798337182,5,130682,0
146177,6722,13,1,156,0.4671198618983223,2,235901,1
127575,28413,7,2,108,0.98,7,217608,1
128904,93772,10,1,144,0.6137829980608267,2,98338,0
48678,82050,2,1,103,0.02,6,78105,0
94218,110432,4,3,99,0.43355583561527394,2,92802,0
81230,103748,6,2,61,0.6313451370908285,2,70740,0
92055,106922,24,1,114,0.35910532640755727,6,75301,0
180552,86867,18,1,123,0.34955447241963755,6,209304,1
90258,84596,23,2,179,0.36029618529372276,7,158000,1
57986,67732,6,0,57,0.5703750576964813,6,181982,0
173232,13297,23,2,22,0.1738406052206644,2,16679,1
103595,69323,17,1,23,0.3264643548370296,2,101421,0
119358,24816,14,2,152,0.6772556325117529,1,36173,0
82929,41695,24,2,75,0.3428469056592014,4,46899,1
91506,20702,11,1,19,0.3296806892195504,0,49865,1
52911,26242,19,2,20,0.1472015426095446,4,40182,1
105127,56841,2,0,141,0.5921010628490284,3,41109,0
180893,68712,3,2,89,0.5435966695982943,3,137246,1
131453,86663,11,0,152,0.663920172524807,7,150133,0
102458,108096,6,1,13,0.42515466890437936,6,109046,0
30175,93764,14,2,85,0.5194720628095104,4,224003,0
137235,54574,19,4,142,0.5176212893217434,2,198821,1
72771,86744,16,1,145,0.13650261540804226,1,233042,1
145157,29482,21,0,98,0.9677579482279779,0,67524,1
139300,10171,22,0,16,0.6651728634833342,5,195180,1
104925,101755,24,2,142,0.46737997200551035,5,80812,0
84358,99932,7,3,149,0.4006725788668595,2,207693,0
166399,109125,8,1,158,0.7412699457550549,4,120942,0
65057,107082,19,0,25,0.4711032174758442,5,112572,0
24150,4696,20,1,160,0.6509969262052555,4,161553,1
22425,21058,16,0,135,0.32283507025269764,1,53938,0
34032,21313,22,2,54,0.2574011543413949,1,164348,1
20198,20149,7,1,39,0.41441802550102164,6,223205,0
169151,54521,9,1,160,0.45232705678089474,4,66850,1
185292,46740,13,2,175,0.5431747607442949,6,128193,1
190946,107611,1,1,35,0.7727177952426555,2,220852,0
162931,5956,8,3,177,0.6946470074597861,6,163673,1
199532,76731,24,2,28,0.7399614879616607,2,232637,1
180491,83612,22,1,161,0.2888259246788115,2,52324,1
136865,118850,4,3,94,0.385115507762863,5,154336,0
157777,67641,3,0,56,0.6629590257670532,0,81426,0
191952,64811,3,2,85,0.7172884432532685,0,249814,1
41236,53160,22,2,150,0.6132074458446488,2,179384,0
105955,52313,13,0,72,0.326202622214232,4,44852,0
121145,64232,8,0,49,0.22084406197195047,1,180979,1
164430,16417,7,2,77,0.5012550818685313,6,119503,1
112914,25729,1,3,44,0.253820543938893,7,154130,0
120870,113492,16,2,54,0.551341042428777,3,83657,0
134243,31099,6,2,170,0.725150752817274,1,105500,1
32596,119387,7,0,123,0.49159956321641857,1,39352,0
182644,99134,12,1,46,0.16271757024223582,3,7021,1
150351,30961,23,1,48,0.33795491533187233,2,24614,1
129496,13602,9,0,111,0.6402303192892325,1,61131,1
148273,119474,11,1,34,0.5542627133936932,3,176022,0
156155,10256,10,0,175,0.5718563280556377,6,112813,1
138674,87120,21,2,179,0.8391718288976637,5,176492,0
138307,113516,1,2,100,0.5267952236537349,4,4631,0
166843,35681,18,2,26,0.5198552276948364,4,139417,1
179047,92328,4,0,176,0.638468587589609,4,108400,1
194720,88440,5,2,143,0.19190438111849834,2,49674,1
197357,65789,9,1,161,0.35207574707179645,1,132323,1
37063,44361,17,0,33,0.2875330493801812,7,28844,0
85642,65503,3,1,89,0.5940810898230537,1,73836,0
108093,35540,16,0,156,0.2477974875078654,0,106148,1
186671,27536,5,4,83,0.5739585399338172,4,217168,1
177601,85700,16,3,109,0.40231067016773053,2,7362,1
53954,64043,3,5,101,0.37164569970029093,3,10097,0
45856,79532,20,0,120,0.6506019848202738,2,138671,0
20573,57575,15,2,105,0.15692370391705485,7,224060,0
53367,3871,3,2,91,0.34248955380339324,1,180445,0
117608,47002,20,0,105,0.98,6,6258,0
78774,50812,14,2,91,0.8570920731139956,6,93066,0
41752,23626,16,2,49,0.05082871032915787,6,186343,1
73029,60979,17,0,163,0.33833751992352074,4,74176,0
166757,77057,24,2,145,0.4638193748782394,0,39056,1
148282,109946,20,0,145,0.1395344785275665,7,19261,1
69693,67668,23,3,37,0.8939668259013309,5,121173,0
134739,100003,18,2,112,0.45650786899275564,2,53696,1
73961,81070,18,1,86,0.4090972378538134,0,170899,0
144678,90390,22,3,49,0.5338343527345174,6,17141,1
92532,43998,14,2,94,0.5303286687112714,7,159824,0
99994,64814,18,1,154,0.2620420084462364,7,91084,1
74133,105601,15,1,67,0.7393626439195334,1,102904,0
79268,46607,15,1,116,0.48564790661885227,3,214510,0
187315,8812,6,1,42,0.7379242429725512,2,95219,1
49653,62844,15,3,163,0.3233595589955035,5,54680,0
175729,71093,18,2,69,0.0548954663731101,1,20792,1
189024,3179,4,2,84,0.7662040001696098,4,170700,1
171252,44798,23,2,143,0.6128872226626969,2,110469,1
139829,75601,8,0,21,0.7070075497082058,7,55100,0
146377,9275,15,1,84,0.7205410643132001,0,126118,1
19622,51574,3,0,26,0.4542426584351543,6,200942,0
66756,48857,15,2,109,0.3692749924628761,2,133839,0
58809,102484,13,2,74,0.4298308359701309,1,230252,0
34725,21700,9,3,30,0.571313845561412,1,28992,0
69226,40464,2,0,124,0.5109484600624986,6,130468,0
99182,43351,24,3,74,0.04758019296134386,0,31570,1
47402,94330,8,1,127,0.4239301026285369,5,197769,0
22263,95319,20,0,32,0.7610573253112994,1,210345,0
195900,83534,17,1,173,0.44971125535966094,2,211980,1
65924,14869,13,1,156,0.9393989305060608,6,225493,1
92182,61315,1,0,157,0.2385717172795001,5,121571,0
160736,111061,2,1,92,0.5266769013037743,0,88126,0
53737,94688,15,4,77,0.23322491123591318,1,107389,0
119332,21954,12,1,76,0.26177337800735245,6,63580,1
107563,32555,14,1,54,0.26381904704735093,1,2744,1
178445,64353,2,2,68,0.9361295944476513,2,225766,0
185469,83190,18,1,149,0.3945283001136518,1,153630,1
146575,46026,22,0,48,0.2954195590268929,6,191933,1
119371,101772,7,1,131,0.4494042123294651,2,34259,0
56709,47976,23,0,80,0.40106883467124266,4,154522,0
168322,81578,6,1,67,0.6285192931897925,6,58949,0
39172,92502,14,1,130,0.02,5,170001,0
29555,114943,8,2,175,0.23998489453140298,2,48589,0
71276,110850,22,1,170,0.636231208674267,3,77122,0
75492,46095,2,1,66,0.34250170654107803,1,133358,0
107599,15270,17,2,49,0.283910730856451,4,201855,1
173834,31908,5,2,26,0.2740656914924602,5,230582,1
29046,16523,14,2,155,0.6092018611497478,0,176634,0
134021,63433,24,2,88,0.599592335879223,3,203707,1
177841,48068,20,0,64,0.6606764209866067,0,18387,1
172222,20991,21,2,18,0.19420644562961487,6,116365,1
22853,11775,21,1,66,0.18119921312112575,3,24319,0
138900,78801,22,2,63,0.7002169489484689,7,133483,1
170864,85995,3,3,15,0.4951272746891607,4,22729,0
77129,62250,5,1,54,0.316691952204392,5,87647,0
132130,17673,16,2,51,0.4154250212482497,4,114102,1
181059,28056,18,0,132,0.17844684802511296,4,17704,1
164922,7614,17,0,41,0.3334870347219901,3,143181,1
161184,102556,11,4,149,0.48502723534022313,2,199964,0
139789,8415,17,1,114,0.5279838221868745,5,164244,1
173130,89691,16,1,18,0.4307651955129748,0,206957,1
194492,115966,23,0,175,0.4082648913660683,2,151056,1
56890,44884,2,3,174,0.6113165239674809,2,160532,0
84017,17964,4,2,178,0.4276972098035888,1,123845,0
196376,38726,21,2,175,0.3516346408715943,6,132317,1
181993,38044,7,1,120,0.28229465630406475,0,171546,1
150596,58149,2,2,31,0.06112920813375927,3,46449,1
118424,38544,6,0,60,0.5929821522967293,6,122247,0
33048,50976,17,2,107,0.7719886799903284,7,140268,0
184183,33252,7,2,70,0.268167690887117,1,220065,1
186976,4832,5,2,101,0.17058819672754322,1,53534,1
72912,91811,5,2,37,0.313000572714504,6,15549,0
52008,81437,20,2,47,0.5139175049370182,7,247912,0
149132,104749,16,2,137,0.3388340152735343,4,11821,1
101559,35148,19,0,54,0.33500782768476206,3,37564,1
73337,62240,9,1,110,0.43175686958542847,2,13073,0
128616,109169,5,1,44,0.4721779427758393,7,9282,0
31350,89454,8,3,111,0.531015475758641,7,238327,0
42354,113230,9,1,108,0.3850663727733378,5,194218,0
63186,86076,5,5,56,0.3811496345639942,2,152261,0
46145,78116,10,3,99,0.027163089066775337,7,235456,0
183092,54459,2,3,154,0.6558508369111458,2,111966,1
104123,39402,9,2,106,0.5055212586081306,4,207855,0
38581,58727,11,1,28,0.7824340347421787,2,12771,0
106929,39578,4,3,151,0.5624443625958613,0,63492,0
41051,91453,22,2,33,0.4338087479872846,2,176797,0
69474,23318,22,0,162,0.12307680485926464,2,155306,1
109748,76715,22,3,101,0.09057210867790161,7,222354,1
143995,78787,2,1,89,0.6806366095506189,7,36096,0
87626,112435,23,1,151,0.5735406619779715,0,14236,0
24960,86029,6,2,125,0.7723879858625081,4,53544,0
184844,21466,14,1,79,0.6548746346871828,1,37921,1
170592,96742,1,0,121,0.3683512406933996,3,26576,1
198553,46475,18,3,136,0.02,4,133238,1
54408,61142,7,3,152,0.5829944477955179,7,147724,0
112006,86160,1,3,68,0.22645805352181478,2,152710,0
75134,27564,1,1,66,0.4094535519092606,1,220052,0
169563,23412,1,2,93,0.5406644077843554,3,17233,0
150413,94526,24,0,118,0.31125799469013327,3,3885,1
193695,52001,4,1,167,0.2684632938308392,3,55520,1
108327,58649,4,1,113,0.38242100140699825,7,228972,1
149410,61957,18,1,158,0.02,0,213316,1
161326,36517,11,1,122,0.222588316223752,0,238905,1
29344,14156,1,0,118,0.2194089047181021,1,101203,0
150822,24064,10,4,113,0.3981134428404789,2,168088,1
85957,26711,9,3,14,0.24162532221717453,6,111759,0
123423,31106,23,3,159,0.33651935829160834,1,202020,1
76053,66458,4,5,36,0.3521077842983043,2,197882,0
164968,17589,6,3,86,0.9180908452272407,4,144841,1
95454,90272,16,3,72,0.6193056746590968,7,214555,0
108600,87511,2,2,134,0.42351584329952985,6,176219,0
140732,102754,23,1,66,0.5487971977896489,3,139521,1
177007,8214,18,1,174,0.6525575283869887,3,175251,1
55641,97117,10,2,50,0.513309278904286,0,234508,0
47711,86731,24,0,94,0.22254437577491326,7,108459,0
88342,111118,24,2,45,0.4198578979841921,6,10136,0
124896,28127,17,4,124,0.2353036846174093,4,231735,1
161254,6141,13,2,161,0.37760258186254814,5,73986,1
105833,29884,24,3,38,0.4150495478902435,4,44999,1
74276,91421,18,0,160,0.6815675201632314,2,91567,0
37541,3708,22,0,42,0.2752935623991396,4,33052,1
112457,19375,13,2,166,0.2576689227813873,6,194353,1
62813,16088,17,3,176,0.2922745643845285,6,144418,1
186270,58615,5,2,148,0.3160186633211881,0,190749,1
157892,111138,11,0,94,0.38000289852652774,2,16852,1
42070,46046,7,1,175,0.5224511331904206,1,117418,0
160194,11014,10,1,21,0.27727622555853326,2,74603,1
98559,65425,17,2,51,0.47527628619981477,1,164557,1
59786,4273,15,1,65,0.477995399271166,5,208297,1
155809,48135,18,1,178,0.5718086807824702,2,216409,1
54062,103842,23,2,146,0.403629576935078,3,108071,0
69571,31881,22,2,15,0.6330586174891313,5,26272,0
43510,98022,19,1,154,0.5311868653500033,1,136835,0
37426,79077,2,0,17,0.5213195842440717,0,61087,0
55265,9712,4,1,84,0.328848653243479,5,238304,1
166922,75704,3,2,174,0.5104039477051452,5,56848,0
84150,53874,7,2,69,0.5275033341437642,5,32075,0
105312,70087,24,1,88,0.3185303289407617,1,30692,1
107613,13297,18,0,30,0.7127421419396088,7,94085,1
92910,110269,10,3,73,0.98,1,68414,0
70375,28128,7,4,82,0.30543120386052103,2,161920,1
139826,69368,8,0,149,0.34655918794308055,3,122170,1
53435,95019,6,2,36,0.35209449180369357,5,229349,0
114443,88599,22,6,138,0.16189622968468848,2,21268,1
152055,89499,1,1,69,0.2572160777386383,2,127887,1
169734,79958,4,3,164,0.6385901548634778,3,78323,0
41510,33920,14,1,131,0.431957021217407,7,118985,0
190070,12156,17,0,122,0.8721835939596554,2,174692,1
112071,12108,20,1,179,0.38652911044715765,7,230279,1
24640,32845,18,2,87,0.5415971818097435,3,78872,0
62547,3800,11,1,81,0.25105535521437083,0,95274,1
72620,104614,21,2,149,0.4257601146036179,3,212095,0
164389,43712,14,1,77,0.46932064526783396,4,42139,1
133608,3610,9,3,131,0.02,3,186209,1
25564,78603,15,2,164,0.26850824960191666,3,36037,0
176417,34872,12,2,98,0.5899046965106816,6,80434,1
131824,11728,10,3,150,0.5781868353085332,4,150750,1
97273,96102,19,0,133,0.17535741759374424,3,248769,1
92859,96319,24,2,175,0.37058839811991534,1,176123,0
128017,21583,19,2,60,0.02,7,20141,1
141618,86774,6,2,59,0.4492438468959712,6,208764,0
143341,8263,20,5,126,0.7272659752983086,2,26160,1
47430,68450,24,2,98,0.7367968260370943,2,145907,0
45788,90285,6,0,18,0.7289751344872378,0,11383,0
197615,20456,8,2,88,0.5659329669163948,0,106882,1
162991,92118,1,4,156,0.7048050070449587,4,157636,0
87346,66942,22,0,171,0.40836219426380915,1,109549,1
114122,14689,17,1,165,0.335188453496722,0,217833,1
57974,33934,17,3,132,0.7009353482236294,2,171556,0
125309,34276,24,1,135,0.5134611036501636,0,53556,1
34371,117349,15,0,161,0.05504773363127585,0,218554,0
63084,102968,7,1,152,0.7176471371459214,3,161352,0
178701,20873,19,1,136,0.40163292230603265,0,175854,1
79916,14050,22,2,23,0.30323234599925986,7,183495,1
91972,67216,23,0,82,0.6653590015416011,4,159367,0
30984,85444,3,1,12,0.635694349790844,7,59596,0
51039,85040,22,1,172,0.23948628127793933,2,100236,0
103431,22644,11,2,130,0.41544068612531393,4,115424,0
101691,63021,20,4,153,0.25014560619516757,6,234144,1
76606,38125,19,2,122,0.25597216088353414,4,100145,1
159688,67899,9,0,75,0.02,5,247117,1
120665,43291,10,2,54,0.2269217692859863,1,77287,1
123373,36060,2,1,52,0.41234759632432877,6,190025,1
199144,2538,1,1,126,0.02,6,207536,1
42574,37176,16,0,50,0.14819246081823795,5,73678,0
152502,42520,18,1,12,0.5835513852366839,5,47955,1
161748,26675,23,1,52,0.13929330826570108,3,53080,1
159888,19287,17,1,99,0.4154088010923666,4,83793,1
50733,1174,6,2,109,0.0862597214730722,1,198002,1
20050,93268,14,1,99,0.5400762619507604,2,155722,0
127996,35998,23,1,90,0.3783341202064191,2,105717,1
51933,103591,15,3,152,0.24811168532591446,1,156284,0
42951,54312,14,2,82,0.02,6,69726,0
50413,13112,24,1,148,0.2533495778268543,4,199610,1
183873,106410,22,4,110,0.5962431694319732,7,242553,1
181985,76225,3,1,162,0.7910129917967201,4,44882,0
130573,45814,24,1,178,0.4017633277952577,3,25038,1
189672,86091,23,1,98,0.4279819780639287,3,75630,1
184472,51719,19,0,165,0.300958010242118,5,24451,1
153566,34919,12,1,12,0.7204423395005042,2,202360,1
140744,74155,2,0,153,0.39705501528544657,3,57352,1
107431,72569,3,1,123,0.6466203171333579,1,22521,0
61001,42328,18,1,85,0.5046059842731647,2,66308,0
85364,71482,1,3,76,0.47703916473777713,6,185926,0
142988,25618,20,2,80,0.22554367401682437,7,226376,1
63028,35675,21,0,78,0.8421708195492088,6,122631,0
186645,102794,6,1,61,0.7725054109056468,4,227018,0
149878,19919,5,2,69,0.9503230416088719,2,39206,0
142343,5173,1,2,64,0.20813421063961424,0,71963,1
146301,110369,19,6,102,0.5080867101327806,2,128407,1
144295,27400,1,1,126,0.2754709109982656,3,138628,1
178829,51445,21,2,129,0.5476055563061559,7,108836,1
52636,71305,21,4,68,0.5142891102757163,1,20772,0
197352,38564,16,0,97,0.35892298163251746,4,161135,1
42262,46814,12,0,29,0.3997036454280646,4,107296,0
98435,80747,22,1,27,0.9099689952202226,3,24709,0
146583,89791,8,3,141,0.42023130974577283,3,183924,1
187269,28962,16,0,24,0.02,3,213927,1
59844,85892,1,0,91,0.33204676330967353,0,138455,0
82754,86842,4,1,54,0.2090408041431669,1,3233,0
183229,71533,10,0,65,0.24765122482170257,0,29146,1
95129,57184,11,1,170,0.6060564740567393,3,131205,0
58042,83912,17,2,148,0.646000799735487,1,130443,0
79665,107416,23,2,84,0.26452952470003543,6,53450,0
134953,104591,7,2,59,0.3288493595725418,6,157785,0
176448,11578,12,2,29,0.29640505296229497,3,246953,1
163271,19624,21,0,22,0.7839829306869301,1,176830,1
136533,117164,7,1,95,0.6525757476063094,7,82325,0
91781,40194,12,0,30,0.5989269614030541,4,201538,1
84262,110903,15,2,111,0.22294739105477518,0,210720,0
64600,1389,2,2,127,0.07396294724658986,5,14374,1
94898,100303,14,2,101,0.7207050027040249,3,52985,0
167369,112116,13,1,85,0.8721616831511312,3,33012,0
48448,114903,4,3,35,0.0635546890264066,2,86059,0
44172,68391,14,2,24,0.9431270927270669,5,26783,0
191946,107429,14,2,136,0.4266773262974438,7,148635,1
25657,14794,16,3,127,0.48699837438143617,4,45193,0
174497,59002,7,2,168,0.16006509225188936,3,12042,1
175757,36531,19,0,175,0.05955309685721466,7,61031,1
130855,53815,2,1,82,0.02,0,45163,1
173650,5986,10,1,137,0.6767809219349813,4,90356,1
177903,33298,18,1,156,0.43179796300870005,3,98788,1
25906,2481,17,0,163,0.5513721296971715,0,135280,0
79413,57408,5,0,130,0.699285729471405,2,238929,0
72028,70267,12,0,102,0.42892409943728715,2,15796,0
25287,17835,6,2,96,0.8216826468665526,6,236998,0
51660,28798,22,5,119,0.26840890643867954,0,92962,1
78504,92649,9,2,138,0.35812520042170215,4,155742,0
120979,65887,20,1,132,0.2513792150273595,0,26320,1
52701,20477,1,2,140,0.6338113764858769,5,22074,0
101300,18266,22,1,17,0.6949832155936376,0,29931,1
166746,87328,15,3,89,0.35035706013212464,2,20993,1
101560,86988,21,0,49,0.14350758265939467,2,57330,1
172946,44526,6,0,172,0.7207344935331792,2,166063,1
61642,118965,19,0,127,0.256235191877596,5,17003,0
83160,115615,18,1,113,0.36138379028631307,3,180568,0
35602,107870,6,2,19,0.21388354454219663,6,16743,0
121320,12889,13,0,89,0.5132408835205025,5,185998,1
106801,25335,1,1,123,0.28060834294899073,3,126291,0
43931,12254,23,0,159,0.6043096186582151,5,81543,0
112377,87610,23,0,66,0.3268528528610421,1,26300,0
47192,12442,13,2,59,0.568325811561688,3,112888,0
64542,47289,7,1,99,0.24656931716983688,4,108818,0
145015,54747,15,2,21,0.7197778330358062,4,214783,1
60520,38327,12,2,63,0.34002142760445087,6,73509,0
82772,17199,1,1,45,0.46981500482553534,7,11703,0
68106,73827,15,1,175,0.18866191665650173,2,230921,0
99121,107464,4,1,72,0.44646237521471527,5,217078,0
43559,1112,13,1,155,0.19682675499220847,0,227784,1
123595,88051,23,0,90,0.440343118265103,2,198086,0
51742,20581,5,3,29,0.23846276166355748,6,221888,0
87669,115228,2,0,82,0.4158225337190031,0,91403,0
170826,60722,23,2,97,0.5525026246853908,5,173503,1
153044,93036,1,1,43,0.14808555050312905,2,58436,1
88831,98562,16,5,54,0.44042371900520183,2,23845,0
130217,17523,23,1,94,0.5398281097347737,7,83777,1
59873,67960,6,2,179,0.5388957778827901,7,37055,0
124532,118637,23,1,174,0.8720441303108823,4,141950,0
144267,20552,16,1,80,0.28620814328013355,0,12209,1
158975,11808,14,1,61,0.4493821282244913,1,60812,1
152092,105347,3,1,23,0.8344987939988622,1,96035,0
59755,73525,15,1,96,0.14788363240018132,2,105139,0
103956,24620,3,0,134,0.02,7,102838,1
104988,105565,23,1,69,0.5678257656170729,5,144076,0
63648,1887,2,1,94,0.6795091835529543,2,98123,0
143991,32802,1,2,123,0.02,6,166462,1
158588,86024,9,0,139,0.3796438156954201,4,30400,1
133005,96549,9,2,47,0.22605394160594688,7,78511,0
20396,115737,23,2,65,0.5181285612924094,6,80121,0
102082,119639,7,1,58,0.4425535293834119,0,117763,0
168201,119248,3,1,126,0.7379681492811653,6,139948,0
146322,82938,18,3,171,0.15413181735332476,7,181176,1
150663,87741,11,3,135,0.5349273575585074,2,125183,0
29303,27049,7,1,171,0.5867546961560715,6,212207,0
179633,78789,9,2,176,0.46107537955635075,5,92775,1
89719,85526,1,0,107,0.02,1,45906,0
117616,8846,14,3,118,0.5414187672882462,0,121925,1
142165,91563,20,1,131,0.28925579079326713,2,22378,1
104231,105736,6,2,112,0.06647916970774248,0,28568,0
25314,47220,7,0,114,0.5312246003292911,7,99046,0
37623,47163,10,1,177,0.618784368470989,4,234070,0
123228,4765,7,1,169,0.31461207145053993,6,219296,1
182202,118126,2,2,43,0.6334451621704376,1,89332,0
115624,82486,4,1,77,0.635653861375966,5,109014,0
175364,46270,21,1,22,0.4461600453175325,0,32796,1
129785,76277,17,3,159,0.5811945107093854,1,219425,1
104206,89278,1,2,48,0.6647991490446488,6,197422,0
87274,91239,10,1,113,0.5655102242513211,2,57061,0
151541,105245,19,3,60,0.02,7,77597,1
71947,104159,15,2,30,0.02,5,26401,0
171606,23931,10,0,179,0.6845337498538706,5,136882,1
66874,90116,19,0,18,0.2985481257446773,3,101216,0
67708,56633,12,1,144,0.3408892283761269,0,91362,0
92553,81702,24,1,53,0.8657986780038718,7,6902,0
86344,52913,16,1,99,0.2885904254538839,1,195806,1
67138,95776,9,1,146,0.4195378560611501,0,87148,0
65638,26991,15,1,22,0.452743056313006,2,51723,0
96249,55845,17,1,169,0.4031495565635944,2,62599,0
123865,105092,14,3,52,0.7456979131527974,7,209271,0
20719,99505,18,1,14,0.3675872908894232,6,15967,0
171962,56312,2,2,51,0.608257141752653,5,115312,0
185581,11561,4,0,62,0.4654573291064204,7,173608,1
60534,17901,18,0,43,0.6627251154389212,5,138207,0
110241,107041,7,0,59,0.14817116009741477,1,64365,0
167859,96556,13,3,82,0.02,4,81608,1
144209,63875,15,2,159,0.45654477709737956,0,239665,1
197917,26917,23,1,100,0.26356093025984606,0,87953,1
110124,63120,22,0,120,0.7722735812172353,2,118327,1
109659,2988,1,0,46,0.4317255708196811,0,73979,1
182134,114745,11,2,119,0.49835035263185995,1,105146,1
93713,111041,10,2,163,0.3823797077942094,3,154997,0
93418,15256,5,0,51,0.3067050681417982,7,228610,1
146232,119490,16,2,63,0.4626514826705981,5,104331,1
183904,88728,11,2,123,0.6732395969408871,2,32993,1
181038,29230,21,1,50,0.38123088945104316,7,198868,1
162059,106466,6,1,79,0.3657783593297397,5,130238,1
186383,60778,9,2,87,0.6270597058910516,5,76663,1
49575,46833,13,3,76,0.07937406342363734,5,249557,0
81852,23625,24,3,73,0.7114639132643892,3,51483,0
150079,33088,8,2,13,0.2726021689077929,7,235586,1
94242,80650,14,2,145,0.6578034520125567,0,157915,0
196589,42167,24,2,133,0.514645981534551,4,118747,1
47257,104937,1,2,86,0.02,5,231448,0
191279,72291,17,4,51,0.4526119906364173,1,39879,1
162353,66303,24,0,100,0.7391419473991736,5,201529,1
79246,77361,5,1,178,0.383218525967393,5,242021,0
19435,89229,2,1,39,0.4034137332727829,7,5888,0
109357,5117,24,0,91,0.2811697644643385,0,67713,1
175732,91265,9,1,74,0.7130124559637407,6,184223,0
154156,98718,4,3,151,0.34815827180747705,1,125825,1
162579,61710,17,2,52,0.8441366035196267,0,9426,1
101807,95426,17,0,40,0.7041737103367939,5,72031,0
194611,95876,21,3,34,0.7430276063234823,7,231645,1
133953,68054,18,3,91,0.46763814551960176,6,12047,0
156563,31949,16,1,62,0.34300823614723175,0,151111,1
199264,23547,8,4,123,0.5552535158948847,0,194168,1
141797,82882,11,1,116,0.7914381587951932,2,168373,0
81888,69136,21,3,56,0.8401129345670564,3,181779,0
91609,112541,21,2,101,0.04141667954747047,6,178186,0
27077,117883,18,3,161,0.98,4,23366,0
38953,65619,23,1,149,0.5054713710608435,6,153817,0
132682,62842,24,1,146,0.6214088688152547,3,176154,1
85889,95803,10,0,100,0.25303771953493226,3,188342,0
172893,102858,13,1,26,0.2378811689204097,1,144425,1
186639,27990,17,4,88,0.13345978778083956,2,27080,1
133374,17193,18,1,117,0.8248034802435922,2,20788,1
42860,31109,10,2,101,0.2986238663701053,0,168041,0
170267,20233,16,2,98,0.4297834984808831,3,188243,1
95475,114557,20,1,72,0.38370002128260156,6,62633,0
105266,82730,5,3,119,0.22541790900503259,4,129461,0
170499,35510,13,1,72,0.40622994249170513,1,138731,1
118732,2306,18,0,62,0.4693380022779542,6,35921,1
45083,4849,17,5,177,0.7247311417017502,2,137233,0
75372,13360,9,1,23,0.21699814601521025,0,148575,1
141786,112072,14,1,88,0.32162981560375514,4,225611,1
193136,95767,17,1,123,0.5710236265586585,3,249096,1
25813,46800,4,1,77,0.4599860078268333,7,26982,0
49598,37963,18,1,178,0.4640385803544304,7,71014,0
111106,55330,20,0,178,0.2363638895871152,6,227228,1
45082,52707,24,2,126,0.6212616384936299,4,248036,0
47241,19689,24,2,41,0.760997270222864,7,188982,0
193641,30084,15,1,116,0.7406566431109196,2,54632,1
29745,41387,11,3,42,0.40740476857306657,7,233737,0
44029,75816,12,1,164,0.02,1,160244,0
162097,3642,9,0,24,0.501420783622879,6,122056,1
141395,43137,13,3,139,0.47206826590718864,7,77696,1
163360,80832,15,3,112,0.2260139064668031,3,190876,1
107186,56561,15,0,78,0.2692354025228291,1,102750,1
155612,63260,5,1,91,0.23097740534746822,5,210539,1
115768,16438,23,2,114,0.5103953305525919,7,229778,1
59846,49442,19,1,30,0.2690707634326731,7,229798,1
93932,104061,20,0,154,0.4863192410277709,4,196179,0
166554,3994,14,0,43,0.9728390488307326,7,60926,1
41411,114530,17,2,160,0.4091152182373043,7,75137,0
96797,100575,18,3,76,0.194792610597586,4,236427,0
70307,2813,21,0,38,0.13026421774179764,0,71053,1
152165,94027,3,0,162,0.5226151442210599,3,72338,0
40042,85381,2,1,58,0.8906365736851657,4,112694,0
70930,119808,1,3,23,0.2516480028361577,2,86295,0
193485,56276,10,0,96,0.02,5,206458,1
115883,42243,19,5,77,0.8256425007508015,2,139816,0
51756,63912,17,1,144,0.98,1,90309,0
71268,61272,12,1,148,0.6164796628610745,5,115721,0
188286,103700,1,3,159,0.5447219525204131,7,204856,0
177674,43051,12,1,121,0.464679614214204,5,193155,1
66901,79854,17,0,93,0.5998245689957779,2,52123,0
117986,83736,24,1,136,0.5896571290660071,7,115732,0
181268,66618,3,1,74,0.5122570981220321,4,74672,1
146386,2920,11,1,83,0.24049197112135795,2,175357,1
23626,107121,17,2,109,0.5110928780956435,3,190568,0
156496,78219,23,1,84,0.4283490837967377,1,210408,1
30857,77872,3,0,82,0.27354916582316646,6,195468,0
169054,82132,8,2,41,0.5105791954312598,5,54238,1
151052,3093,20,1,136,0.343036584599997,7,15417,1
197362,13905,4,2,27,0.4649017492728498,3,92841,1
44431,25351,21,2,144,0.550427419506939,4,235343,0
102976,31981,22,1,168,0.5815937956218749,4,178201,1
100711,74903,7,1,58,0.34845721258768936,2,39719,0
44385,71821,14,0,112,0.5490862087940995,0,6002,0
187230,110200,14,2,118,0.6002997555172671,5,135404,1
172091,104241,4,1,137,0.6642547117310318,5,28149,0
36639,83289,16,4,33,0.5170693831519738,0,242836,0
103530,117506,24,1,94,0.5831767102699358,4,202983,0
39563,85021,22,3,174,0.3572919773173347,4,96994,0
188413,79513,1,1,71,0.98,6,100989,0
133672,20874,17,2,69,0.4358954267831795,6,87808,1
154848,51931,10,2,14,0.6966606537274664,5,60923,0
185516,8674,22,4,173,0.34291295843064806,6,19352,1
157783,51516,16,1,56,0.5324458521045516,6,63081,1
100970,95574,16,0,61,0.5242333406958585,7,196850,0
103553,61686,8,3,13,0.5661190546127869,1,200641,0
179779,95851,7,6,26,0.2634393712066532,5,238451,1
188182,70212,6,1,176,0.5356773385394813,4,23645,1
100879,3426,16,0,154,0.34376757459819474,7,27343,1
187899,91009,20,1,107,0.6302806489379362,4,246023,1
154727,69498,16,1,96,0.25678963767515106,6,2645,1
62859,30943,7,0,122,0.5172979519921609,1,33775,0
70098,67395,9,1,34,0.4437723083538373,6,6121,0
164323,45816,14,1,110,0.858079287413526,6,65742,1
140413,5138,11,4,48,0.6959132136637202,3,206720,1
18526,101728,14,4,118,0.7519494141878398,3,11271,0
86760,92176,7,2,52,0.28025787579810496,1,172276,0
65837,76945,1,0,68,0.3656601401469249,1,158284,0
29536,5017,13,1,108,0.4491049710522899,3,112821,1
46541,11451,20,1,36,0.7018029253049685,3,77828,1
97083,63956,3,2,121,0.5327367846817556,3,156553,0
52531,94863,20,0,48,0.28518093360202496,3,239668,0
26712,11278,4,5,51,0.29448028061220954,5,236962,0
122101,91480,11,2,96,0.7123437394907848,5,227101,0
83455,44764,2,2,57,0.5398348118138478,6,97011,0
92744,2134,14,1,113,0.46154149809005296,2,199476,1
147749,63943,12,1,109,0.443314813610992,6,245978,1
23109,96667,17,0,30,0.6469870453513067,1,40682,0
67268,55318,12,3,102,0.21803745488364726,0,194513,1
72615,104423,12,4,148,0.4614094357000488,2,75749,0
100503,104998,1,2,80,0.47455666968556076,0,193041,0
178831,61128,13,1,16,0.17589976727492856,0,221347,1
103708,89056,14,3,165,0.40437169002267004,4,66747,0
120471,22869,24,1,158,0.9530353701812067,7,3903,1
175661,103468,2,2,169,0.2662982978257003,1,168416,1
179087,118034,12,1,59,0.47772879114187894,5,246099,1
178081,6039,21,0,123,0.02,2,104413,1
101309,22281,16,0,155,0.41943924794338266,6,88534,1
144446,113935,4,3,29,0.21363760058076992,1,124702,0
124661,11442,8,2,160,0.3725994247448927,3,20319,1
175215,74788,2,0,42,0.5437566916308455,1,100919,1
24154,28586,10,3,140,0.2023314977363919,0,154513,0
170876,54053,9,1,142,0.5030276168712666,5,78178,1
190760,51489,23,1,36,0.2784498016149419,3,210384,1
82288,84104,15,1,19,0.1562002607102374,1,157934,0
69195,87346,13,1,73,0.6661948905810113,1,164175,0
38581,68087,23,2,146,0.2384901710340019,5,144582,0
48087,13625,17,0,18,0.35675550672814643,0,167763,0
199002,35397,16,0,147,0.32443772722067776,6,212010,1
182053,59671,2,1,30,0.4977144942239351,3,73991,1
87298,117214,20,1,156,0.4571065083796172,0,173444,0
64167,92785,20,1,150,0.41364898658663757,5,239528,0
192480,67897,14,1,122,0.29407800187731903,1,70309,1
57499,27149,3,3,22,0.39163341373276817,6,176122,0
143816,61030,23,2,52,0.514645162160443,2,29377,1
187631,70906,12,2,125,0.47593643676809483,2,60336,1
114347,6283,8,0,103,0.6967891981904477,4,77312,1
66787,8610,2,0,86,0.6178623451819358,7,249663,1
53488,44326,4,2,78,0.6934223119603219,2,191291,0
92441,15924,14,0,179,0.7477498726976297,5,230667,1
40431,114143,16,2,16,0.49115882652905984,7,96941,0
79681,111253,19,3,127,0.6377967122197191,5,61229,0
140720,77162,2,3,161,0.52385221326862,5,67679,0
67153,101297,12,1,129,0.7418877754220581,3,189720,0
24368,1869,14,2,176,0.06393151293512939,4,27698,0
176496,98088,6,1,22,0.38057651619956134,3,150155,1
130360,2014,13,3,55,0.5402162356294402,6,47169,1
194076,11103,4,2,88,0.5753913831692905,7,155774,1
130755,83522,22,1,129,0.44611949484155317,2,100574,1
74985,111317,18,2,127,0.0842499331272048,6,43022,0
68069,97007,12,0,78,0.41093732574141445,7,68543,0
70326,34458,20,1,24,0.6295650417124319,7,94955,0
126737,91605,22,0,103,0.3805567275909674,2,245091,1
172470,83409,21,0,22,0.4703503558750124,1,110768,1
68861,24248,19,2,150,0.8716408405822216,3,208782,0
93897,90160,8,3,96,0.4088869837777228,0,98416,0
145118,44516,7,2,96,0.41537594880661904,6,140275,1
86577,30061,16,2,146,0.4927180331932379,1,192844,1
27078,25170,19,0,28,0.5022585499906304,3,38492,0
174075,9024,6,1,59,0.47961596227451175,7,96525,1
80768,83214,20,0,153,0.5365041719823689,5,225939,0
69047,104792,21,1,108,0.18818560210352048,4,112230,0
89626,86947,11,3,86,0.42333494093155555,6,90519,0
75660,44803,5,1,173,0.17975681155040124,3,60636,0
198858,20296,16,0,148,0.4623127589416012,4,57639,1
150997,92829,7,1,88,0.5830066879509967,6,228343,1
135832,93708,5,0,139,0.41948669737733707,4,42685,0
148406,87664,11,0,48,0.2416954980880572,6,219501,1
143150,19257,15,1,41,0.3551979221399224,2,17739,1
175087,13855,3,0,58,0.8462220041164098,0,162989,1
51320,86178,5,2,146,0.7689333371869393,6,22704,0
82881,102121,23,0,153,0.3307125012404524,7,97688,0
108827,21025,21,4,59,0.3296186175301208,3,191593,1
120215,5458,5,1,145,0.4260681506617279,0,49383,1
175361,64610,9,3,45,0.7227292507457245,4,236848,1
152461,71843,15,0,112,0.06478910686061873,2,205814,1
174755,108237,3,3,57,0.3278621320367326,6,221864,0
162701,84961,6,1,81,0.5404902137101232,0,26307,1
79550,50831,17,2,147,0.5150935157339427,1,6716,0
42826,44427,21,3,35,0.3559171553473476,4,189342,0
118734,94809,8,2,78,0.3944958679648426,1,102924,0
175702,39506,21,0,15,0.5228114318327096,5,151992,1
195235,6668,11,1,12,0.35971281393182536,0,170943,1
116511,92470,6,2,45,0.21604232100181148,0,44928,0
29653,48195,8,2,120,0.40921112528692277,0,222072,0
177033,74233,10,1,20,0.4916584765990152,5,236693,1
99941,25417,24,0,74,0.02,7,15587,1
51662,82982,3,2,21,0.5362890986925344,3,3195,0
116818,107133,23,3,149,0.6643186471781976,4,127711,0
170360,11751,14,5,55,0.3714036714051987,4,158155,1
113081,47218,23,1,129,0.37539456555251777,6,248164,1
54877,8352,14,1,17,0.2875482048808228,6,117982,1
129562,80052,10,1,132,0.4164754607735536,6,155510,0
164385,89835,12,1,163,0.32720219048267113,4,22009,1
90715,98493,6,4,106,0.7684732258539648,3,108172,0
159398,29927,12,1,122,0.47741341732490483,7,103123,1
128091,42094,23,3,116,0.02,0,219751,1
150632,102948,14,0,75,0.5755176198026972,0,15696,0
97148,55122,2,1,151,0.8282107610021621,5,130733,0
101186,30493,9,1,174,0.5619949710618226,1,9564,1
175817,93247,10,1,82,0.7118036453109596,3,5637,0
180962,74539,17,1,115,0.5989798690001267,2,233249,1
169094,32707,17,3,100,0.6680164500453054,3,195831,1
141629,69814,3,0,17,0.6573045103367328,5,150862,0
88316,8296,19,3,121,0.6598254544288762,7,95695,1
46380,26398,1,2,123,0.5196687401622596,1,204122,0
128198,36842,12,1,168,0.07269277683474118,1,232953,1
20356,14261,7,3,177,0.21035625372605427,6,189996,0
88326,77709,4,1,161,0.21438956490544692,6,220371,0
110447,96985,10,2,138,0.02,1,14568,0
132994,107616,13,1,147,0.3543517678713368,0,95539,0
38049,57704,2,0,74,0.7614041135016705,2,72847,0
123361,68173,10,1,152,0.13399725752107217,1,43596,1
34082,32781,21,1,166,0.6101765372911582,4,40315,0
18661,14652,22,0,157,0.5664028715680482,0,19191,0
186484,6103,4,1,29,0.5005931266229993,7,119083,1
20920,26500,18,1,88,0.7101677193312159,7,22908,0
97561,116332,5,3,153,0.4409108973581005,2,134487,0
26946,101336,19,1,150,0.7847354044672179,4,42276,0
194572,36529,2,1,114,0.4061119334795937,2,49650,1
34309,114499,12,1,128,0.5255400582852611,5,66427,0
73230,19452,17,1,28,0.41884755192082174,2,86369,1
129822,50393,10,1,25,0.24676447708748636,4,148478,1
179099,32174,2,3,68,0.153751189346589,3,162408,1
130340,65450,6,3,104,0.5765532149078979,2,96957,0
77321,36436,8,1,145,0.7464030863644358,3,234872,0
150028,48406,19,2,125,0.5037139815141325,2,79316,1
92131,64059,11,2,143,0.5630693870001335,5,41871,0
196980,16954,12,5,150,0.1080492278686046,4,14221,1
43963,83722,9,2,120,0.5347567197077876,2,23116,0
119757,13356,2,2,130,0.02,1,172862,1
188515,99499,8,2,103,0.18697228340705047,5,238871,1
117259,3187,11,2,22,0.7435224191764886,1,213030,1
57063,78243,21,4,110,0.45300300907941393,7,43474,0
132225,36098,4,1,19,0.47328391948880816,7,220091,1
134400,93471,10,1,125,0.5718362790729071,5,42100,0
98818,22225,21,0,160,0.6255886464631165,5,119982,1
22703,4606,20,6,76,0.3904179567018797,6,7416,0
90099,58620,16,0,104,0.5144418240008043,2,17251,0
174921,33828,8,3,163,0.4347073294897624,4,160146,1
180932,27489,4,1,169,0.11296332854287255,6,198519,1
49585,15387,10,1,115,0.3720085726345038,4,190756,1
171087,70463,12,0,110,0.5408704181039512,0,245148,1
61585,72832,14,1,95,0.3653038416497044,4,210772,0
44958,96980,16,1,84,0.3673003495220507,3,56822,0
44017,112926,22,1,156,0.6220837406722032,2,201076,0
142677,113429,18,2,70,0.4854461555296081,1,184652,1
194422,3591,21,3,42,0.527412533527416,4,188372,1
161273,111431,22,0,75,0.0925608475006488,1,45655,1
47426,49516,21,2,59,0.5486304023486154,0,135099,0
35778,92683,12,2,34,0.20614271260601288,2,91091,0
194313,63061,18,2,169,0.44460535417052294,4,145016,1
60229,105425,7,1,66,0.21609526972152146,6,2315,0
104652,67736,20,1,18,0.6552435984388425,1,212741,1
146267,82257,24,0,123,0.8525137417647015,6,169829,1
197436,62753,23,3,117,0.4175334638326173,5,100834,1
144503,85774,7,1,109,0.4154842934209809,6,157340,1
102878,12087,9,1,23,0.6767649264533011,4,110898,1
75056,31816,1,4,71,0.5758151473453899,0,53011,0
176562,24408,6,2,63,0.4343177971675604,6,197616,1
37975,106276,6,6,166,0.5310061748704302,5,203365,0
175795,1136,22,1,151,0.8965589622376673,1,42640,1
172351,18413,12,1,152,0.30218851100447786,1,115802,1
160633,114650,22,2,83,0.3211050815756576,2,163039,1
106397,60500,12,2,136,0.6248248210542215,6,93331,0
198225,85514,10,1,168,0.9147355645963466,6,30798,0
51142,57358,23,2,174,0.4889875098554493,2,194860,0
44916,67197,6,3,71,0.07389653050680073,1,110262,0
82324,101776,17,2,168,0.5358840541014139,5,101371,0
194037,93789,19,0,42,0.3345113205010528,7,33461,1
143932,93420,18,1,88,0.5547556135793036,6,101031,1
153720,33854,6,1,87,0.15094846233786285,7,84163,1
184205,77240,24,1,72,0.12532624775407597,2,65496,1
199749,105523,19,0,13,0.3846884719803197,7,93897,1
114059,91063,10,1,172,0.8134949760819576,1,68247,0
116317,17322,24,2,132,0.148244240410494,5,144157,1
53046,114053,8,1,70,0.3795239869576733,3,95262,0
196136,7968,21,1,51,0.12796313908596657,4,206532,1
119459,28518,24,1,43,0.5137718832535688,6,83085,1
63893,52925,6,2,49,0.498730958146293,3,129061,0
119520,60848,21,0,103,0.1367392562853778,3,60852,1
143818,112900,7,0,99,0.7333006586211919,4,207070,1
79272,94422,24,0,152,0.0271146176296565,1,110293,1
85649,2700,1,2,96,0.7968196399435139,7,4560,0
82674,94782,18,1,87,0.7523831521548427,1,220131,0
162832,102004,24,2,139,0.517275322059219,2,21944,1
170999,24199,20,0,24,0.647144489869159,0,69713,1
104475,45589,12,1,50,0.4108158590388002,1,248597,1
79367,33115,16,2,34,0.1111183753948789,7,193233,1
161660,62934,10,3,121,0.502026817809566,4,22098,1
139750,117335,10,3,118,0.1043981630134645,0,234454,1
136154,55316,14,2,103,0.44760637942860987,4,29475,1
62738,6520,20,0,153,0.17789463039283337,4,175808,1
51397,110814,10,1,156,0.6645910210243535,4,231055,0
100189,37455,10,3,35,0.5336371431755187,6,154488,1
94367,116284,11,2,45,0.599227155892025,6,212728,0
138585,87465,23,0,123,0.5248643301731826,0,118338,1
94619,42605,2,2,149,0.8637790162606797,3,4948,0
129453,15955,20,4,129,0.6749279514307771,7,135592,1
37816,45049,8,3,160,0.8247968041433456,6,205877,0
191312,14917,23,1,176,0.2519889248460137,5,225569,1
155348,71293,7,3,18,0.3306312323888089,4,129294,1
97530,79581,8,0,101,0.02,7,64976,0
172571,65925,1,3,24,0.363674630875544,6,146408,1
126856,108216,21,1,91,0.4421792381595224,2,193184,0
89635,71269,2,1,41,0.5455486547185753,1,243806,0
125803,31954,18,4,170,0.33319267517289747,5,16020,1
53946,97671,15,2,144,0.6120082464415464,7,94816,0
73204,73617,1,5,171,0.5965954565331401,1,66566,0
33563,42458,5,3,27,0.34581413581337395,1,111014,0
110324,90037,2,2,161,0.23914493684469657,0,149818,0
27847,22113,20,0,51,0.46449972022631597,2,69792,0
44155,100977,3,2,48,0.4718508804884126,2,107656,0
97671,113622,19,2,89,0.3162974745913645,5,95248,0
134891,91226,18,1,27,0.3929741207677519,2,80372,1
101310,44939,22,3,54,0.1380709779352855,2,158783,1
167381,30345,18,1,74,0.5992811218644776,7,6358,1
149691,47313,14,0,26,0.6028412280764033,2,144411,1
199180,111107,24,3,148,0.46077718477438734,5,34039,1
52707,93365,8,4,76,0.6184104423931668,3,121985,0
169409,101598,12,1,55,0.47885443314130394,2,23245,1
99537,70166,21,1,31,0.8055785354416027,6,131024,0
196686,48861,10,3,130,0.16479017310011818,7,245859,1
109155,98406,23,0,123,0.4943938949487418,7,19259,0
18281,50298,20,1,134,0.6487367247046112,2,63086,0
176492,48221,17,5,172,0.7782620056824543,0,188179,1
188102,45942,11,0,91,0.6243665204042953,0,205737,1
150130,4453,2,2,111,0.22164431073773028,6,186075,1
94260,103811,4,0,17,0.08588927827920495,2,181861,0
177476,55935,1,1,94,0.4126270470160008,3,240720,1
178928,44370,15,4,42,0.5295780282006006,7,173645,1
158272,104932,13,4,77,0.6578417117358915,2,188880,0
82178,9328,8,0,29,0.20899660988782157,6,249682,1
51997,16534,4,7,39,0.5843623729832067,2,174660,0
174683,86280,10,2,79,0.02,2,78747,1
137273,85925,19,2,125,0.28731137433511905,4,228805,1
190307,37320,18,1,69,0.6392610334175743,3,132196,1
184129,50170,5,3,175,0.18793366256148553,1,83164,1
150311,101546,19,0,140,0.20721171568885424,6,159372,1
144945,81201,23,1,50,0.33440693490638385,2,244316,1
63272,104401,22,0,117,0.4889382864028908,6,180164,0
107393,9640,16,1,12,0.2046439163348611,1,85048,1
79212,101252,1,0,86,0.44289758659324,3,219553,0
164470,92057,12,0,99,0.35492072791095414,7,240331,1
138030,31049,24,0,153,0.7047450399123784,6,232395,1
74503,6618,2,3,162,0.34356823342269843,2,220016,0
155710,103540,21,1,161,0.45623468667511413,7,181480,1
24570,57053,8,2,71,0.4865941657048758,1,124262,0
86785,2920,18,1,166,0.357657795901399,6,218919,1
27110,44937,16,1,141,0.6193342891524108,5,67124,0
97141,70724,5,1,178,0.6650749870021554,1,37609,0
30115,13207,22,1,121,0.34242757683122527,3,144211,0
57062,66774,13,1,30,0.5144864672527318,2,171317,0
40911,33972,19,5,73,0.245943633012413,4,240242,0
122061,11799,3,0,82,0.5740363738902681,3,183232,1
50556,72088,8,1,122,0.5012210736686171,7,216218,0
146335,29916,12,1,144,0.3699330584635744,4,183859,1
19969,71463,2,2,83,0.5225851288470158,2,162024,0
61753,94500,11,1,89,0.5804282463228092,1,66403,0
153542,77700,12,1,111,0.7206853188824467,5,212176,1
139863,38158,18,3,82,0.5374460786970505,5,223507,1
28225,85607,13,1,18,0.6454502804504234,6,242406,0
141008,114945,5,0,61,0.8690681796975916,7,79538,0
172268,72696,22,1,57,0.22252753720623686,3,140601,1
123823,62510,12,1,83,0.7076909419093941,3,216677,1
31669,59692,2,3,87,0.2565873070606547,7,50478,0
186452,62744,5,1,85,0.29304088806091805,3,64525,1
142398,16810,7,2,153,0.447404072033136,0,71248,1
128677,6126,24,2,84,0.307873216778983,5,131210,1
66320,31009,12,0,113,0.27108895128358246,5,198163,1
196486,100120,16,2,105,0.43671095773288926,2,41826,1
164649,112718,23,0,80,0.3766852238893629,0,190957,1
143354,91932,8,0,76,0.30363340106551917,3,21328,0
106009,1192,9,1,73,0.24042446912867113,3,85247,1
46625,117464,15,2,31,0.763532844344599,7,7906,0
42089,37413,5,3,165,0.18595593521053694,4,31107,0
54487,13816,13,2,55,0.41311049538306666,6,53412,1
128448,40082,5,1,73,0.6959429899688776,0,85349,0
68138,66048,11,1,118,0.6281004059066241,6,142225,0
191895,51940,10,2,136,0.5014172884048368,1,48213,1
186280,33130,20,0,56,0.31279877317549765,6,164751,1
72061,41142,13,2,22,0.44587410543033423,5,228196,0
179731,37468,9,3,173,0.20270451955767113,2,115632,1
119376,31698,21,2,99,0.3872703846264235,1,222378,1
180962,11655,14,2,57,0.3839410816179932,1,86388,1
97134,48897,18,0,123,0.4051853218120712,7,114958,0
65055,31075,15,0,92,0.27663782904056783,2,152684,0
37508,10359,10,2,43,0.07690615893623409,3,32907,1
191359,103197,24,0,109,0.7254077160521374,5,97707,1
176056,106115,7,5,16,0.6765493114179281,7,131185,0
128169,43056,8,0,40,0.6424239471406045,4,55551,1
26125,52831,3,0,59,0.5332522368674192,3,214056,0
54059,60191,15,2,27,0.48747976486926864,6,137038,0
121409,119592,16,2,164,0.2973892143767173,3,109412,0
166159,34272,4,0,83,0.3208982132211359,0,187505,1
23704,109117,21,1,40,0.7701782034723349,7,154473,0
129279,15671,6,2,57,0.8202396158481715,1,154611,1
176280,28048,1,2,164,0.40935425178496443,1,36018,1
136516,77274,4,2,34,0.4508281185733346,5,61542,0
188954,26963,11,1,173,0.6111107421533999,6,203296,1
174995,44954,12,4,105,0.4705626436488541,7,65534,1
132044,73309,5,4,125,0.4871876020702849,1,219065,0
47165,103120,23,0,45,0.43684416235379464,7,38555,0
85203,96430,21,1,171,0.24367610099867862,4,240507,0
22114,1717,16,0,128,0.3679372762940317,4,98915,1
54321,12676,13,1,40,0.4205934262271558,6,12470,1
91297,5434,13,2,20,0.02,7,40426,1
114652,50810,17,3,50,0.4692529173340143,4,207801,1
117304,104361,7,0,146,0.9609644934741661,2,54924,0
174498,119696,8,1,121,0.35553880282054695,6,233588,1
35772,95636,13,4,80,0.45728776063672555,5,238243,0
121754,5994,23,2,147,0.26509308628073747,4,107267,1
21712,5234,16,2,107,0.2093421561809025,7,60954,1
150439,70300,4,4,130,0.38177982237324826,0,126507,1
133142,44949,8,1,129,0.5885545072090903,0,220685,1
109736,38405,16,2,29,0.3985742475973319,3,242705,1
69924,35872,21,2,113,0.36770300315264154,3,169831,1
21726,43215,10,3,121,0.5590310572774925,5,207903,0
107152,24185,12,0,93,0.49402136605329605,6,249947,1
45723,44442,12,1,116,0.5114402449989967,3,16735,0
144969,52759,5,1,27,0.7118647770477362,3,49011,0
118494,42153,16,2,32,0.6842195304178846,0,112721,1
158180,78535,1,0,149,0.7790628060559266,3,201640,1
53643,103023,9,2,117,0.18317704558902909,7,242381,0
180396,3581,12,2,143,0.6385961951815764,0,127373,1
121896,52717,5,1,55,0.8120810453080521,4,38671,0
157999,3763,22,2,134,0.09081567855965372,4,124908,1
111680,93910,20,2,147,0.4455792327306341,5,243627,1
114546,56480,22,1,122,0.33048118450494285,2,228505,1
171515,39759,24,2,128,0.4446462414225404,3,158908,1
97973,77067,3,1,137,0.7023352221443528,4,103974,0
81449,119094,5,2,30,0.14293818866486185,4,88814,0
127834,26307,2,0,75,0.5038972973379523,6,130338,0
43537,97371,14,0,51,0.32578459979088087,5,220510,0
95576,12064,2,0,62,0.709081156000748,7,62854,0
125522,77848,13,0,148,0.5426055728673432,1,53488,1
40612,38548,7,1,169,0.4152957462344087,1,38091,0
24471,37945,10,3,67,0.29201426679944625,5,140192,0
184703,48937,13,1,92,0.98,0,9859,0
49348,7476,16,2,154,0.511575483275604,2,231475,1
19177,52756,14,0,81,0.13761001615756735,6,163683,0
153832,91101,11,1,139,0.2716367401453752,6,235032,1
50779,3382,10,2,137,0.5407753637448214,5,178549,1
39636,50683,6,0,72,0.28939421953368083,7,139858,0
99889,88999,4,2,91,0.3164582180635011,1,100997,0
71551,46276,21,2,132,0.6669036797593132,2,23185,0
160628,34402,1,0,112,0.6474301198411173,4,239585,1
176670,92881,7,1,162,0.32433444582426196,5,98726,1
160635,111300,24,2,88,0.7075881434462201,0,71245,1
64819,27946,9,3,156,0.29366458572886944,2,217762,0
91770,80698,8,2,137,0.8225790534918214,1,117718,0
176038,115690,5,1,33,0.5682600765624454,4,65906,1
176059,113309,19,0,94,0.5138399779399093,5,88395,1
96714,74933,10,0,178,0.36534326653092986,6,246219,0
42596,23335,11,2,152,0.3160966250817347,3,71745,0
182246,46095,15,1,89,0.02,6,90915,1
82106,80930,6,1,106,0.3852879456488575,7,213454,0
77182,28197,15,1,120,0.44769099085843733,7,151075,1
105163,23010,5,1,121,0.04825766555232208,6,224034,1
57310,25123,19,1,63,0.6311444643999933,4,241464,0
74088,88923,22,0,114,0.41471827299654024,1,93087,0
146803,3890,19,3,112,0.717236660297337,5,86436,1
157978,94305,10,2,153,0.29959470783691233,1,79916,1
54914,110162,12,2,74,0.7220125719973756,3,11707,0
128350,9026,22,1,39,0.3512132013710367,7,157451,1
63379,65925,4,0,57,0.4389372628953517,6,52277,0
186722,69842,18,2,39,0.49743535315246057,4,92604,1
195953,34665,16,2,13,0.4408344110077322,2,205514,1
64413,10277,8,2,138,0.5169584878566541,2,83431,1
155084,43239,4,3,28,0.026599343031462386,4,56756,1
199187,48664,23,3,70,0.4193346958176837,7,218028,1
25151,49008,12,1,143,0.43230718236017857,2,82748,0
75716,15683,2,0,88,0.02,6,81859,1
111747,1670,4,0,142,0.5913434827449185,7,100470,0
185450,90211,5,4,126,0.24950225167663814,5,63579,1
191724,18889,3,2,176,0.6573124292021161,4,120877,1
162539,56612,9,2,108,0.4689093653381736,4,74884,1
180082,45535,21,2,116,0.3236579870379395,1,199183,1
139999,79542,18,1,35,0.6710322528765161,0,173011,1
132793,55319,11,0,46,0.8156107517940466,1,148820,1
126177,115072,3,4,13,0.4584714815415332,2,70879,0
30289,93067,23,3,44,0.7524749400516579,0,118506,0
194048,22639,2,4,87,0.4112521472438418,4,44115,1
192668,65712,9,2,97,0.6617108086570588,2,64023,1
172243,17633,14,2,149,0.3691550155156364,7,223999,1
104365,35660,4,1,92,0.8516961914158276,3,89943,0
132014,69975,9,2,73,0.6870076037175062,2,193056,0
193211,33172,13,1,54,0.5534758431649431,0,44495,1
197785,60197,18,4,132,0.02,0,111229,1
178806,102158,15,2,70,0.5487396611081156,4,173819,1
90588,59847,10,4,20,0.17831474756221982,5,207762,0
81646,12577,16,1,88,0.5277156616604894,3,193450,1
21654,78299,12,1,74,0.7310498215005502,4,154627,0
36743,21176,20,0,63,0.6015793327430683,3,159695,0
66368,45386,5,0,34,0.6389167292793692,3,236785,0
155513,64972,2,0,41,0.3679348411077622,4,170381,1
137735,90791,10,3,32,0.11458784353153229,6,218852,1
173683,42003,1,2,54,0.2802816251106053,2,183738,1
137891,20996,7,2,146,0.377457980980355,7,226535,1
125971,101922,17,2,27,0.446906663555845,1,134139,0
30149,87598,16,0,34,0.7292081519654263,3,19265,0
118102,36931,24,0,98,0.6107271312772731,7,74445,1
77189,36710,3,1,42,0.9383395487576077,6,154488,0
170747,35693,14,1,132,0.2297167879258,0,81772,1
89031,36740,10,2,80,0.7060729211660189,4,98901,0
60668,78241,22,1,145,0.642578337016076,5,185863,0
162745,109944,7,1,126,0.42435632585616756,6,159197,1
106204,94583,17,0,70,0.23858747156936305,2,209537,1
172741,77502,6,3,167,0.31459458251078826,7,55709,1
183140,18374,23,2,157,0.3040176351711693,6,43060,1
158507,77674,22,3,88,0.8263469031345712,3,33411,1
55384,117500,4,2,149,0.6322151008323975,5,213927,0
99929,82471,17,1,18,0.6404443821204163,6,54684,0
145959,46913,9,1,48,0.46928820284614076,2,168656,1
94153,67025,4,3,97,0.39966487592605726,7,73947,0
93388,45516,7,3,27,0.5242138757481616,6,164674,0
49401,88796,23,0,127,0.47254237911047225,4,116025,0
137503,27069,2,2,129,0.42887346674851357,5,248167,1
145834,119333,17,2,25,0.5306715526440946,0,74740,0
52084,57233,24,0,150,0.21550566494426776,3,20899,0
128641,85811,8,2,98,0.5087420956496919,7,223125,0
123111,60049,23,3,173,0.4256240105115754,3,233115,1
185523,102820,15,1,115,0.2927844230414514,5,202660,1
156299,119028,15,2,152,0.5909379988465298,2,182482,1
180982,40178,8,3,178,0.8449401916110117,4,59852,1
54041,33821,16,2,55,0.7311753365648461,6,171626,0
106920,52727,19,1,39,0.38782471398912494,7,145085,0
83681,61935,11,1,179,0.5961674456859247,6,178436,0
99571,17999,2,2,27,0.6355450989016791,1,132320,1
145556,63522,23,3,61,0.4762177878457245,3,105024,1
44160,39712,24,1,126,0.44472114326209655,6,180285,0
35633,65551,17,2,167,0.5256270741259133,0,169566,0
35014,41172,16,2,79,0.98,3,2678,0
98532,34722,15,2,103,0.5066098041006442,3,163424,1
67104,11625,13,3,132,0.17116740370613154,1,47797,1
190693,68165,15,2,151,0.21981552657576853,1,142170,1
95231,77509,4,2,27,0.4123378514337746,4,141531,0
86388,7859,16,1,64,0.175685547931428,6,40894,1
34014,42609,12,0,60,0.4208461007241571,6,226287,0
110578,44307,4,0,175,0.93954634616512,3,100202,0
182827,111986,3,1,73,0.3374848344212255,3,80763,1
58390,102582,22,5,95,0.21079766295724273,2,72442,0
41711,22839,17,3,165,0.40433275681147046,2,9898,0
109658,28216,22,4,67,0.4271312714661714,6,52352,1
75993,53953,18,1,131,0.2324579715145156,7,49207,1
176285,85481,18,1,101,0.17755964915203348,5,166956,1
25421,61593,23,2,161,0.7483752302736885,5,73880,0
35727,73075,17,0,131,0.5601680877655967,0,122618,0
130418,50522,12,1,84,0.3437971720874212,6,109394,1
22358,100161,23,1,80,0.19581097242745116,6,160438,0
83108,5886,21,1,109,0.33616283492726484,6,244588,1
112018,112249,24,1,13,0.1802720974487778,0,114382,1
142457,8485,4,2,64,0.32251389235062206,2,143908,1
181189,32455,12,3,130,0.9047197615631981,5,19442,1
49910,112984,23,0,18,0.5025480002270332,6,58436,0
144888,17767,22,1,159,0.3140364463249027,0,248447,1
73754,113701,21,2,169,0.5994978309426258,3,130934,0
127847,29453,20,1,86,0.24539048960338805,7,173992,1
178443,77280,15,2,106,0.3607625436308211,5,123751,1
56467,103638,23,1,14,0.042082281906586305,1,240355,0
166697,54442,16,3,90,0.7302951906405313,5,14686,1
51893,52877,5,3,28,0.40561953244849686,3,45604,0
94329,13226,21,2,123,0.2698718118820071,2,143428,1
49007,94405,15,0,63,0.5928879663249055,4,43163,0
188604,23588,17,1,18,0.21950123692593282,4,160865,1
72253,79976,18,3,123,0.23287438500563573,2,4491,0
30323,32709,5,1,144,0.36660944416365493,7,88742,0
129335,48788,13,1,65,0.18654606989487948,3,61382,1
130356,89031,19,1,72,0.30624129175296455,0,81464,1
128944,38019,13,2,120,0.4064053326987313,5,41772,1
163282,45948,18,2,27,0.42626756260991316,5,79096,1
34456,66133,14,3,58,0.15858040681541252,0,9011,0
49367,115444,4,1,59,0.3962474343172524,4,220692,0
72624,67458,4,2,132,0.5777468104757326,6,177590,0
159178,118603,20,1,75,0.6144359949187503,6,161705,0
86008,28526,20,2,61,0.3405441080422298,2,137934,1
143926,74493,19,2,52,0.4084553569488968,6,40118,1
133395,53198,13,2,33,0.3954796438863148,2,65849,1
134492,115100,12,0,126,0.14382696500108877,6,211290,0
90240,100534,7,1,16,0.331165113937315,1,178375,0
82315,44395,12,0,156,0.6251702253642206,4,144775,0
28756,25031,21,1,112,0.6286652542802114,7,125793,0
54378,76542,4,3,89,0.5406162569878463,2,109915,0
153327,38701,2,2,52,0.02,1,17096,1
163556,113599,2,1,103,0.27806720963800813,0,62047,1
143703,26939,5,2,174,0.5528707754831417,4,212714,1
74549,50145,23,2,179,0.826726376036656,4,67891,0
183575,21324,10,2,33,0.4467967816037812,2,120160,1
91794,23867,10,0,64,0.47109203950931633,2,10432,0
63113,1203,9,1,104,0.42510661845157294,3,148772,1
92069,17544,13,1,21,0.1625643038107069,6,126790,1
154321,16899,7,1,157,0.527423810190249,0,58862,1
168273,30063,5,1,60,0.1153035175959603,0,158268,1
143541,91880,10,0,82,0.4312468797148306,5,99186,1
27686,4748,10,0,169,0.4695909520188707,1,48618,0
71363,106022,6,1,30,0.4608456206450696,7,84774,0
115543,118269,19,1,66,0.16435042504335684,1,112239,0
149733,67629,21,0,32,0.29401413637458257,3,61658,1
193915,81764,8,3,37,0.6015219214156091,5,95312,1
113673,21884,1,2,39,0.4660287204334292,0,123051,1
60828,26183,17,2,178,0.2954557292289094,6,130081,1
66604,82570,7,1,172,0.21435072595662255,6,139776,0
28526,72246,14,0,51,0.6266182550050157,7,87544,0
86910,109036,21,2,40,0.4575598580797675,6,148451,0
43592,20259,21,0,31,0.20123316164831717,6,56598,1
46982,36959,17,1,31,0.4084967753967529,1,44020,0
18207,117525,9,1,85,0.2726563118470807,0,10573,0
106733,34457,17,2,151,0.5163035284808974,6,155487,1
142982,86679,5,1,131,0.7257961298914344,0,221174,0
86619,3103,20,0,108,0.2122153055111292,5,68668,1
178400,66901,8,2,131,0.484578322337698,1,53628,1
64479,113314,6,0,36,0.48057659187905416,2,54287,0
169175,45535,11,2,164,0.02,2,115838,1
188963,17103,19,2,15,0.6331756116919244,5,242406,1
159826,99046,4,0,15,0.9117684659080192,1,233455,0
99437,91012,18,2,148,0.48036799814376646,7,2944,0
116540,79278,1,1,154,0.749116401316295,3,138912,0
90982,13391,13,1,37,0.17399657165895577,4,186186,1
120747,103476,14,0,90,0.29187186963012685,5,41442,0
66231,29901,24,4,101,0.46567351156937453,0,176561,1
47301,98537,1,2,82,0.2621903868245744,5,178333,0
190395,82159,11,3,171,0.45838153933005416,4,46278,1
36752,68914,17,2,87,0.6707424351563769,7,35602,0
116452,51357,4,3,110,0.2557257493332915,5,22134,1
162467,87908,12,2,138,0.6804542665067435,1,71720,1
139237,111335,10,0,43,0.02687538135518963,0,226571,1
74273,39437,6,2,20,0.32487165919727834,4,74714,0
109878,36503,1,1,89,0.40667492099898195,6,203776,0
22895,97282,7,1,24,0.24606924755477308,2,165726,0
137968,94459,21,3,135,0.3279410406486149,3,203599,1
133700,76403,16,0,107,0.7571518623947298,5,10146,0
94559,42258,24,3,94,0.7227850190631051,5,114188,1
28699,34724,14,2,169,0.6084075375302574,4,203898,0
27715,65286,23,1,155,0.6790667206593749,3,190622,0
37169,75842,20,2,151,0.31351850754090616,5,223157,0
136413,105927,20,2,29,0.18097510640532377,7,120222,1
165235,15908,6,2,152,0.27232781344604373,2,213452,1
137264,93617,22,0,104,0.30501608495979393,4,118740,1
23782,51626,5,1,35,0.3159067072759688,1,227490,0
142481,38228,24,0,113,0.5661905341578715,0,108455,1
53585,24386,21,1,151,0.5210991334935652,2,198636,1
48682,47754,18,3,71,0.4113543749622602,3,190603,0
196936,111942,15,1,71,0.4249029184497233,3,85780,1
147992,29302,6,3,111,0.6908829019965281,2,141006,0
102416,61815,19,0,12,0.16579894899790343,6,97381,1
145810,85748,1,1,54,0.6237280747434555,1,233948,0
56067,64344,1,1,66,0.02,5,181121,0
191757,36618,13,4,179,0.32550295420916964,1,108355,1
36073,112603,3,4,45,0.7823290904576625,5,188352,0
54035,77234,10,1,45,0.5161852163095507,5,219006,0
108373,62114,21,1,172,0.3473388248681959,3,97597,1
101362,118652,3,3,169,0.6513704784901386,5,186476,0
108517,71130,9,1,121,0.5809228968857375,2,4127,0
83450,26525,8,1,95,0.5720152637996483,6,208691,1
28382,80818,3,2,101,0.4057009821382718,5,195808,0
153509,115589,13,1,90,0.6611879109389811,2,152163,1
79929,15334,6,2,82,0.3083416379960281,0,143005,1
116864,95715,13,0,82,0.29793950444917994,3,127553,0
161401,63767,23,1,125,0.8623415238004154,7,17877,0
43169,7644,20,1,40,0.3400184020093799,1,167653,1
105468,102154,20,0,162,0.02,4,14519,0
52594,114237,12,1,173,0.6837489579803071,1,206424,0
63033,33933,13,1,154,0.7494864820620173,1,10351,0
81133,44469,2,0,108,0.39813493332938477,6,125223,0
91861,34687,21,3,64,0.02,7,148720,1
49750,107609,24,2,156,0.4378520598719684,4,59548,0
58461,53656,23,2,75,0.9059062467138856,6,111538,0
96222,18375,16,2,72,0.4945630057311781,7,94997,1
130020,115019,23,1,119,0.6192587691404816,3,239872,1
42226,66206,6,2,48,0.6318986488675212,5,195895,0
24721,97462,19,2,146,0.6636845654685961,0,127597,0
38609,37607,21,3,19,0.8597565894125596,1,243509,0
148513,84178,13,1,89,0.6876266208372772,6,239967,1
122211,24993,17,3,79,0.43224225952055917,5,177552,1
197967,45386,23,1,32,0.20450766828917022,1,172089,1
154728,47287,9,2,105,0.5445371413607659,3,214049,1
142865,87724,17,1,86,0.40744054740477426,3,41253,0
92520,99132,2,0,168,0.6076930022941779,2,207785,0
82309,94308,19,2,164,0.2601685318998922,3,233181,0
47984,97393,19,2,153,0.38386532995343203,7,88967,0
136947,77312,24,0,89,0.4524551319610594,3,154996,1
23901,99371,7,3,77,0.24337429601853866,1,36864,0
180624,76324,22,0,169,0.4587692883835386,0,14493,1
49055,72196,10,0,157,0.6231082765461939,6,7337,0
186757,71014,10,2,65,0.8702304488574508,1,65281,0
163788,9210,20,4,111,0.28823184109928124,6,18035,1
132099,11922,9,1,32,0.649281716219749,5,249219,1
29138,37289,17,3,64,0.02,6,90854,0
184370,34340,15,3,94,0.4483413008069354,3,240913,1
41429,40850,2,2,155,0.4655428697733234,2,239798,0
68200,57984,4,1,167,0.6291216843794369,0,202390,0
197316,104699,19,3,15,0.33567037630617597,2,212406,1
119268,114711,17,4,66,0.5038467165632212,4,21884,0
35347,85178,5,2,26,0.6938517654014013,2,11074,0
165992,12094,7,2,75,0.2020097741836728,7,94885,1
49822,88959,18,3,123,0.02,2,28907,0
195731,34418,21,0,155,0.6874939472506388,5,220597,1
58108,6741,22,1,129,0.23054749774718417,3,106723,1
146955,112585,7,1,31,0.5505292037775354,7,10624,0
25967,73374,17,1,75,0.8790193235906865,5,206497,0
128719,118275,7,2,44,0.6340039863562212,3,160328,0
29871,69798,4,4,92,0.2363056879133345,7,143527,0
182685,117026,8,2,137,0.128306681011019,5,245808,1
46179,71532,13,2,80,0.27873639899177804,3,144266,0
73099,111130,4,0,178,0.4880224901986703,7,23622,0
53262,23164,6,4,175,0.39501839528182575,7,225596,0
96213,36595,5,2,105,0.7496087820988548,7,184041,0
135407,31257,12,1,79,0.5967680200069643,6,75106,1
167340,15211,4,0,98,0.2892600275426118,3,23487,1
104269,96989,24,2,32,0.6361348965802192,7,2617,0
78545,6232,9,4,74,0.7814120095264678,3,112988,0
57922,68753,4,0,96,0.380681535905492,2,127385,0
60913,53691,19,0,145,0.5555080057873885,4,108813,0
115033,90765,24,2,35,0.2575942773278499,3,115021,0
122792,80768,14,0,122,0.41881566070239823,4,139357,0
198913,26613,5,1,106,0.25375877451801754,4,35224,1
195404,15026,18,2,94,0.7226438470202436,1,199108,1
137863,54535,10,1,113,0.33960933491010237,1,190298,1
174104,95090,19,1,89,0.5468079839096015,0,30994,1
186918,31908,12,0,135,0.5897543198454507,6,64439,1
62936,53113,18,0,151,0.98,7,184539,0
178866,20610,17,0,131,0.3915384179109231,7,104178,1
199403,47646,24,0,26,0.27902809446097965,7,25014,1
46141,106141,11,2,94,0.4341116356479725,5,72509,0
158146,64185,3,5,179,0.26288664806931594,1,72310,1
155478,73567,23,2,17,0.3427569661863564,3,214127,1
115359,48574,17,1,78,0.6100299714782238,4,198326,0
141279,92051,1,4,172,0.3022286697927495,5,180189,0
172363,103020,15,0,133,0.5736335996806027,7,248763,1
59568,37182,9,1,160,0.581218601363144,0,194666,0
115539,117136,15,0,95,0.5048620995295879,7,219188,0
64851,1570,24,2,122,0.5972919291813944,1,90635,1
72823,98790,3,0,156,0.38523172137392464,2,52218,0
41312,20288,22,0,147,0.02,6,48390,1
192180,79824,19,4,75,0.4630378957038228,5,170556,1
183243,30877,13,3,137,0.4672243349314896,0,44588,1
190851,85425,12,2,39,0.36856562538078647,3,116391,1
116723,1917,20,3,109,0.5925332109783487,5,15302,1
30411,76602,1,1,152,0.6181473007176377,4,188832,0
75009,96040,21,1,24,0.49799459925524575,3,5234,0
164494,65575,17,0,177,0.47170049329865743,3,139566,1
191540,73518,13,0,164,0.7181315796762011,5,192697,1
50371,40104,1,1,162,0.21371819171767747,7,147311,0
75022,19062,10,1,97,0.3770972599469557,2,72034,0
89229,17999,15,0,32,0.6695202271701495,2,111734,1
117071,62845,7,1,74,0.5678705085749489,7,72803,0
114774,10941,22,2,169,0.39829350921230855,5,188395,1
44715,62169,18,0,122,0.5359260905389165,7,145618,0
45605,24470,16,2,87,0.32939420987423823,5,157551,0
117853,111684,14,1,84,0.485481699728847,5,38437,0
49174,60821,18,2,171,0.601372280878999,6,186939,0
159028,87669,7,1,163,0.7342110811314675,6,142729,0
94373,119193,17,2,18,0.5953993027996733,4,89989,0
87252,45435,18,0,83,0.7499986896949256,1,102265,0
88017,5529,12,1,140,0.13261952880715905,3,114244,1
81037,84055,8,1,142,0.02,5,19259,0
107818,13192,22,4,115,0.02,6,130526,1
24548,75102,2,1,39,0.6955324641616992,1,161717,0
134981,73762,7,2,54,0.5828112370888996,4,64674,0
172249,104466,4,1,108,0.2919708270372813,3,210701,1
42022,115894,18,1,57,0.3653233265251783,1,207342,0
124297,87795,6,1,12,0.5240250392135022,3,202124,0
154614,35087,9,3,177,0.29087288918466353,7,17032,1
78428,67677,9,1,113,0.27021629941722325,2,88419,0
171812,5627,14,1,46,0.30599329661008745,5,224202,1
77353,57541,8,0,65,0.2870890259895843,7,173073,0
131132,113805,19,1,35,0.4597220192949135,2,28004,0
34052,69226,3,1,167,0.8158691620003854,0,15170,0
118689,106627,18,2,33,0.22843555770378693,4,106251,0
196148,4255,5,2,27,0.43389020852774923,5,215566,1
149743,58433,14,1,24,0.5513354556648059,7,19842,1
18163,6213,4,3,111,0.5678219082369895,1,107699,0
59424,103412,7,0,111,0.33870708373263625,3,224683,0
159706,20404,20,0,73,0.586113827056297,6,159139,1
153870,117545,12,1,98,0.5424063736425007,0,70708,0
40420,26380,2,3,89,0.3507229879084217,4,184694,0
138575,92056,11,1,171,0.15240069540181717,4,38195,0
47300,20173,14,4,78,0.19847056220795334,4,130138,0
107881,54027,22,0,102,0.6140881981523654,1,173638,1
28749,24989,23,1,44,0.7639540948793804,7,9736,0
122131,109106,16,2,126,0.4501661200371261,5,50258,0
174193,25519,20,0,30,0.758419216342353,2,98804,1
146563,23439,6,0,175,0.4384762956236702,0,45475,1
55487,119570,23,0,135,0.19821382912032454,7,46511,0
182433,77949,4,0,154,0.4039172347314186,1,6206,1
39223,15995,15,0,131,0.7782085252241071,3,118888,0
90930,24559,24,1,108,0.31723756648074947,1,21348,1
163128,111887,1,2,35,0.42009050992322694,3,58057,1
46380,90049,7,3,38,0.7108396358133116,3,169153,0
44035,6021,12,3,86,0.695694197959759,4,115359,1
48620,99000,10,3,34,0.5173037986739482,1,119615,0
168949,22119,5,2,172,0.5676225406822765,2,240249,1
135360,52539,12,1,52,0.6838269409965609,3,195280,1
71352,95835,18,2,67,0.5178830147907211,6,157926,0
179983,40350,10,1,168,0.7317122373285909,4,235834,1
181856,47223,6,1,170,0.5978267312034514,2,20032,1
21191,26517,12,1,109,0.4174627470969493,7,56679,0
182232,79653,7,2,157,0.5455944609021509,7,162344,0
108536,23250,18,1,17,0.36520282135483795,7,109654,1
122576,85486,2,0,51,0.23758074763888493,1,239560,0
198795,83895,10,0,53,0.19888278914104957,2,116169,1
21631,90132,15,2,43,0.4045515864778392,1,37109,0
155244,92066,12,0,21,0.5188556754354443,3,52670,1
60080,67798,17,1,80,0.8462311989143556,7,233214,0
108353,55199,4,1,20,0.5415375695179471,0,52022,0
169353,60546,7,2,80,0.49212831089394654,0,138610,1
46671,106686,9,3,150,0.42807972703537944,7,46237,0
140811,89151,19,1,110,0.3713787901417037,5,142605,1
145734,4327,23,1,85,0.4787667751651248,5,229400,1
177674,30768,7,0,114,0.389332302751683,3,192722,1
69399,65418,23,4,134,0.3785328329914514,2,204085,1
172544,95386,2,0,113,0.6305704392695894,1,11363,1
198302,117947,6,2,19,0.2503568325306466,7,210872,1
25099,43788,18,0,163,0.3950174998736645,0,48304,0
174503,116945,6,0,172,0.29872448458506834,7,248888,1
74492,83384,13,4,30,0.47587302172417434,1,13819,0
114722,47830,19,4,13,0.6378271436410853,3,14191,1
196756,53446,2,4,66,0.5269976382151315,2,8499,1
48111,106078,12,1,150,0.40140189865902876,6,65001,0
81936,16160,15,3,28,0.6568839201309158,1,112383,0
171686,57583,14,3,72,0.6441955502713893,7,19668,1
191063,34998,6,0,142,0.45868982715356876,2,141834,1
78920,28230,18,0,97,0.8004593575468559,6,98828,1
81530,10076,5,3,46,0.5422656103690946,0,152320,0
185296,70341,18,1,114,0.5363337122558561,1,106349,1
25788,32085,3,4,77,0.18541102503428292,4,178016,0
46082,56571,3,2,12,0.07958710704975386,0,209941,0
141287,15715,22,0,146,0.46395603217093084,2,118665,1
107570,6750,22,0,159,0.6693960181728134,3,98188,1
119015,114931,10,1,130,0.5222714103827885,4,108942,0
101588,79768,19,1,145,0.6591948929559657,5,15070,0
165603,119544,3,1,66,0.359025654393135,1,93392,0
106340,36903,12,1,111,0.46814908264309657,7,99164,1
112439,73489,16,0,32,0.4536716912410764,5,170879,0
193929,33093,17,1,62,0.05367194530636815,0,90959,1
159214,92036,7,1,174,0.8435622572594427,7,181105,0
133053,88954,13,2,111,0.7134635447079414,1,158284,1
66355,35314,24,0,19,0.6542554119212318,1,103277,0
158938,49225,2,3,79,0.7326839399298049,4,6626,0
143426,88985,4,3,118,0.3472762816004453,4,51270,1
82027,84014,10,0,155,0.625070432506896,4,42767,0
177210,36179,7,2,78,0.34677004799269806,4,63505,1
110601,118305,24,5,13,0.4825600370024443,3,4292,0
47956,113417,17,2,12,0.06670843535335136,7,118792,0
122797,26338,20,0,12,0.41726700287423446,7,248827,1
142917,93435,6,3,113,0.11334385201538527,2,16859,1
144303,70681,19,0,126,0.1740894931097084,4,163657,1
154511,33101,5,1,146,0.4381855206717492,0,215415,1
196313,3775,10,2,99,0.2942989849823019,7,136891,1
60533,112497,9,0,103,0.5245704331849176,1,222695,0
177342,98183,13,1,29,0.8184896624143396,5,112986,0
96815,46619,19,2,99,0.31322343569948546,4,246161,1
57279,46838,21,1,171,0.39175074516920727,0,3280,0
127787,20539,24,0,44,0.5961923234460935,3,196552,1
172960,103274,6,1,84,0.3026206420855613,0,211849,1
166702,58124,4,3,172,0.2926130088532465,5,241387,1
79063,66149,24,3,39,0.3522221194681123,5,147219,0
145896,27616,3,0,98,0.6437937171416919,0,218424,1
184216,80655,3,5,64,0.06099270285597319,3,248522,1
115661,91695,4,4,55,0.2635534812768542,7,200237,0
156051,55567,5,2,91,0.7867953456952028,5,236875,0
175261,38099,8,0,149,0.02,3,10634,1
191672,76831,16,1,25,0.42197863093435917,1,70550,1
141257,101246,22,0,114,0.7865852947827393,4,143845,0
104205,62799,3,1,47,0.8701970578083624,5,150953,0
24910,91221,24,1,45,0.6258581259226532,0,194668,0
64857,115879,12,3,99,0.7078043727702197,7,141352,0
52964,26479,8,1,157,0.2413051562500326,2,61593,0
174299,47172,13,0,27,0.25937972468702186,2,158627,1
155050,100165,4,1,176,0.827116105058531,6,43421,0
35153,56863,14,2,52,0.3919550811873222,1,87472,0
77765,43043,14,0,36,0.037045651404036484,2,160404,1
126212,83569,13,2,137,0.5420508411712853,1,46588,0
57071,103438,6,0,19,0.40798062216104924,7,94613,0
130990,111107,17,1,123,0.46784897868376724,4,140709,1
87519,16408,4,1,105,0.02,6,92491,1
27503,58980,8,3,95,0.02,1,88416,0
113457,83956,17,1,157,0.5165630696373211,3,48158,0
165977,17351,3,1,79,0.383311276855385,3,55798,1
63838,5131,17,2,78,0.3494902644848689,6,185207,1
143200,117836,9,4,157,0.5359063934262114,7,149227,0
107489,45825,2,2,122,0.27864625182856434,7,201668,1
44806,12349,13,1,29,0.3916030288681568,3,179537,0
194072,61931,20,1,67,0.35127353216462387,5,50081,1
171240,45254,2,0,162,0.6447981176661499,3,190058,1
88119,39225,20,2,46,0.03664763563126705,3,57956,1
56714,105383,11,2,145,0.30758232360721327,7,42278,0
73419,13453,22,2,129,0.6897475734334675,3,70486,0
198217,19814,15,1,37,0.2658294116707889,3,186764,1
123432,19263,11,2,72,0.4763896446571319,5,49155,0
110949,78694,23,2,99,0.8172769471287795,3,91338,0
151533,16735,3,2,26,0.48484602168751306,3,139135,0
163363,16830,3,1,102,0.9209106316200277,4,81741,0
195876,48893,12,3,43,0.7579763660845906,7,46690,1
94971,45673,24,3,151,0.3066339180232936,7,129304,1
111471,90462,5,1,144,0.17191547132975848,5,159579,0
82946,46066,20,3,75,0.31713806290503505,3,9661,0
116989,101315,7,2,97,0.5336118579974705,1,169261,0
102080,4373,7,4,166,0.5261772423734787,6,233366,1
95794,11335,13,2,56,0.596196665028866,7,146129,1
48841,24741,9,3,46,0.24641130960920682,4,218848,0
142447,11692,21,1,37,0.278775607914561,5,101786,1
138029,48295,13,3,34,0.5728773257752803,2,168385,1
197830,46541,12,1,152,0.8879981023813153,0,38988,1
94272,35057,13,3,142,0.20867049907197446,5,145563,1
55643,67983,24,0,40,0.43406443045875354,6,62159,0
199480,20583,10,0,75,0.37084117341048495,4,35410,1
61950,23765,1,1,167,0.4819821094644932,3,80868,0
118500,60287,8,2,175,0.18660894660748067,4,195101,1
177116,24906,22,1,124,0.4693872293013031,0,218910,1
143588,86103,16,0,145,0.7185722834835421,0,36354,0
33997,80675,13,2,150,0.09272240003494003,5,86329,0
97751,47525,3,0,177,0.6691271495911699,3,8504,0
116605,39230,3,3,129,0.18712054440860137,3,95961,1
172983,118904,24,2,173,0.5067914338316543,1,31811,1
73533,20520,5,2,78,0.5575384631071288,0,182278,1
100566,86238,11,1,119,0.5325387452999589,3,246003,0
163643,52934,7,0,97,0.3766345346699406,0,228354,1
126255,26566,21,0,40,0.5957479009231251,7,19225,1
76005,74193,24,1,71,0.17340845336279787,1,238304,1
61541,104224,10,2,65,0.6512062103369707,2,229581,0
41387,31134,10,4,104,0.3476927175260289,0,104891,0
111980,11345,20,3,80,0.520839808805442,7,94732,1
197980,42185,2,3,128,0.37268656063945227,7,152362,1
103457,116464,3,2,20,0.7870630844096682,7,241562,0
162129,93949,8,1,137,0.5464999520967467,1,208732,1
82028,71744,11,0,88,0.5936001561164621,1,236432,0
137246,34455,13,2,21,0.6232636314003842,6,237358,1
73731,116217,7,0,113,0.39698245861689757,1,4272,0
173930,29018,13,4,69,0.5136401064388803,4,139213,1
197761,55219,2,2,124,0.4863625667916674,5,66980,1
62638,46991,6,0,173,0.5918781377657979,3,59167,0
195558,74616,9,0,117,0.3519673123159601,0,157750,1
38567,88438,20,1,46,0.29455431736681303,5,76697,0
178811,117841,2,1,114,0.7099996023988167,4,134143,0
75804,10486,18,2,114,0.6230765980961612,0,150192,1
126821,39862,16,0,172,0.26534150314486354,5,93477,1
21754,59870,12,0,171,0.868491576260199,4,237752,0
45044,87694,7,1,108,0.3242890718292476,7,157205,0
85260,106996,7,2,147,0.4760971060244546,3,136702,0
84912,44856,17,1,153,0.7071110859329302,1,67763,0
26706,102407,13,3,147,0.7050138378539939,5,115646,0
26894,101744,11,1,117,0.2947983349777751,7,238041,0
167109,87055,6,1,82,0.563793255620536,5,81544,1
101986,32379,23,3,88,0.38175268378310045,7,187935,1
99942,65729,14,2,65,0.5423036866991922,0,188380,1
47725,29378,6,2,32,0.42235372541962657,1,21954,0
154998,106428,6,1,122,0.3613934369430786,6,125324,0
122555,55353,2,3,86,0.23827797386201383,3,108297,0
27496,50996,22,2,25,0.7107377054692905,7,82211,0
74447,15031,20,2,13,0.2863683824787373,0,64787,1
119604,81072,15,2,119,0.7730413721015232,2,134691,0
178878,66982,17,1,156,0.38536372227928156,2,80421,1
106199,37683,8,2,89,0.5566234848287699,2,200812,1
59321,115091,5,1,59,0.788635059017353,3,239118,0
171728,118797,17,0,102,0.35526976616131445,7,79230,1
73147,18618,20,2,147,0.5538062929999936,2,112122,1
109396,7587,1,1,28,0.5586873547619735,5,173414,1
198738,63790,22,4,23,0.30335374136655646,6,142445,1
56787,32480,18,2,177,0.49889699174759505,0,13448,0
39727,99530,15,1,157,0.6138530585393738,6,183021,0
113081,21527,5,0,37,0.8242086386717722,6,164282,0
140721,24569,7,0,48,0.3587219472394715,6,158482,1
86056,12151,18,2,81,0.526092750125982,5,198119,1
152153,72094,6,1,90,0.4220449731963932,2,162100,1
183268,60174,22,1,101,0.4925395114362386,6,201372,1
185807,45739,21,2,52,0.3198054791235905,7,45369,1
98102,33954,5,0,153,0.412810882303747,6,197807,1
174570,113984,19,4,140,0.7840066220730462,0,120372,1
94865,113863,10,1,28,0.47803428012855326,7,13467,0
180728,110373,15,0,64,0.4667432190111959,5,141271,1
85695,36303,10,2,129,0.2624725342643015,3,29095,0
186972,35700,16,0,120,0.6900189157153032,1,110715,1
135235,94036,12,0,170,0.6363313450380375,5,231071,1
196773,68568,18,0,147,0.47799761830773685,4,41007,1
126777,67788,23,0,169,0.8682472371089773,2,120562,1
37033,72045,1,4,88,0.3328293228879751,4,180783,0
159877,38842,16,2,91,0.22069386665459578,7,15617,1
184923,14900,22,4,56,0.42911643202398375,1,30304,1
44832,81059,6,1,29,0.2636113689451979,3,201937,0
133725,2881,3,2,110,0.5029462308886028,5,98729,1
163016,34037,2,1,158,0.4661030070540629,3,188293,1
37873,2630,2,0,79,0.7036377298788652,1,210171,0
58372,21789,13,1,94,0.3497420017410491,4,73120,0
107464,89059,9,2,61,0.5230443986369208,5,76341,0
164451,84494,16,2,36,0.4907515847488183,2,92800,1
135322,47151,5,2,177,0.6331575017045372,0,76625,0
185823,49920,23,1,132,0.20130842306911875,6,146711,1
118082,110388,21,1,175,0.25248888448488993,3,157757,1
23110,68231,7,2,79,0.3226372210225186,7,67416,0
30087,118946,13,0,67,0.21144260338967663,1,115792,0
172834,81357,20,0,50,0.5847125391131363,5,62356,1
100617,4262,24,1,74,0.5868166716857554,7,13110,1
118483,67981,13,2,139,0.6902540344050669,4,101464,0
27596,82972,7,3,146,0.4179388071908584,2,243549,0
125539,76485,10,2,133,0.3482735402914263,7,185834,1
36313,55722,15,1,70,0.24162433049969986,4,154200,0
131175,90499,21,2,59,0.7367836163332175,2,107635,0
132914,51818,6,1,144,0.40110571014421387,5,16684,0
41705,30932,5,3,47,0.29031636599690724,0,184227,0
91445,7901,23,1,99,0.6150933664241912,0,115102,1
121892,118473,2,0,36,0.3753723614376565,7,26419,0
20023,100023,21,1,30,0.21526700243126895,6,134599,0
137654,9597,15,0,146,0.25917923204263604,7,148292,1
98073,64909,16,3,77,0.4699149644019565,1,156774,0
110197,73391,19,1,91,0.2140908837027855,1,110409,1
82429,85214,9,2,178,0.43117076004031274,2,29757,0
122195,9263,22,1,136,0.25974759949067433,2,48664,1
51848,64293,19,4,157,0.24188232181262656,2,211693,0
186876,113824,7,0,114,0.34265129717682524,7,128226,1
164451,26805,4,0,140,0.4850420013131231,2,17205,1
45766,92679,3,2,142,0.5202892514854933,6,62207,0
86099,12874,24,1,138,0.6533517333954918,7,22994,1
185132,94065,20,2,32,0.2777277968381361,5,229553,1
87122,87402,11,1,137,0.7561319701872099,5,123409,0
165159,15079,1,1,135,0.98,0,88170,1
66868,50850,6,0,169,0.3576117989882104,1,110502,0
137119,73779,11,2,22,0.0612199663035391,6,32569,1
172297,96408,1,1,33,0.06685274626584198,1,97711,1
113286,10018,21,0,122,0.3407009267392581,3,112702,1
24643,50500,7,2,136,0.29729417119807033,1,8626,0
54727,13100,6,2,68,0.451130527366534,1,103159,0
160077,58021,14,1,100,0.5618227390682639,4,5964,1
127079,115995,2,1,142,0.1670624540653195,4,180449,0
83697,20800,4,2,169,0.41226484032270505,6,114794,0
34029,64400,11,1,139,0.33868460237962184,3,20058,0
163298,93446,15,1,56,0.8978212093925835,2,224374,1
177803,30437,18,2,47,0.14605180251886557,3,244706,1
127458,104124,1,0,98,0.28305972437106053,3,168232,1
128384,77537,3,3,129,0.4573770509057575,0,149334,0
86926,47675,3,2,83,0.2845390295002312,5,107182,0
155069,20942,7,1,79,0.6992854118386936,1,246280,1
73506,21862,1,3,114,0.225627557805125,0,233297,1
96229,12669,11,5,170,0.24850583523704348,6,227573,1
198887,54772,6,1,40,0.718256887863767,5,143956,1
60092,16916,20,1,175,0.18800036525911507,6,6433,1
80539,11878,3,2,116,0.633609660993501,1,85747,0
170889,3985,19,2,84,0.3504346400549685,6,78227,1
186933,98905,2,0,130,0.31396518887159697,3,33063,1
31428,74648,18,0,96,0.33827437349079975,7,35484,0
193006,42235,12,4,100,0.20347981932851955,1,248390,1
159330,19931,10,1,100,0.6495541773632196,2,88780,1
75775,93876,5,0,87,0.4799347410589824,2,92196,0
23469,1336,9,0,150,0.6460118520255107,3,169608,0
46854,43933,2,2,127,0.7087965509719671,6,234083,0
155328,85899,2,2,150,0.5690259152514937,4,32084,0
94256,46536,6,3,165,0.13038930685010375,2,116455,0
183009,70504,10,1,64,0.2367572040445718,3,26802,1
117134,100214,18,2,153,0.6372010424122971,0,240875,1
150723,52148,12,2,75,0.4622109307934031,4,59012,1
199360,114936,4,2,149,0.5930834488988971,2,116610,1
102730,17279,22,0,42,0.4304357226793114,7,153686,1
174123,69665,21,1,47,0.35546732297982586,3,203641,1
45386,104751,17,2,21,0.5933638192405004,3,71922,0
165256,105433,15,0,37,0.06996651652045699,0,210758,1
51787,72386,6,0,31,0.3796584325811428,7,10157,0
39621,87124,16,3,136,0.46462481441185727,0,245489,0
95984,106750,17,2,55,0.49591236837957864,4,50742,0
194325,78485,3,2,73,0.16521064183753792,5,229016,1
52051,75055,10,1,90,0.1743149375892637,2,9675,0
67811,92911,5,1,20,0.36350665262513904,3,28228,0
48447,99618,14,0,82,0.4361920611050284,4,20251,0
146046,78273,21,3,101,0.7921128948877545,6,25349,0
179326,67670,13,1,35,0.25684445621520113,4,131417,1
102045,77474,6,0,151,0.341509656149268,6,51178,0
134859,55028,12,3,71,0.8001301824677027,0,83362,0
163544,91022,8,1,95,0.6840992634782249,3,244217,0
21471,114892,5,2,131,0.20492043651456954,1,207732,0
138312,92632,15,1,89,0.5985982608793055,5,139660,0
157401,107651,16,0,27,0.6331286603218632,5,98479,0
183937,72128,1,2,40,0.49306590127502414,0,247198,1
64850,19108,16,0,171,0.19189711554793698,6,131044,1
72220,53495,5,1,130,0.31898903343759644,3,226642,0
111808,83806,3,1,46,0.3118483849402507,7,89687,0
155469,94185,20,1,54,0.5663599817185485,4,130325,1
184597,77533,15,1,107,0.3555240147681806,5,65196,1
71072,100025,13,1,130,0.3917440698867703,4,248226,0
101820,57830,24,0,64,0.31756120314300984,2,34400,1
41284,75640,16,5,31,0.10714081301410311,1,15536,0
101369,53509,23,0,126,0.98,0,135772,0
43122,67406,11,0,19,0.5386141568155272,6,224682,0
148349,95220,21,3,133,0.7738428729374365,5,207417,0
88553,40519,2,1,53,0.20456687912134675,7,148187,0
112788,50649,22,3,88,0.7841171956805857,2,186001,1
80812,35524,6,2,81,0.36277576104880027,7,178585,0
25999,97493,6,2,122,0.566660414876617,2,86607,0
40436,34885,14,1,27,0.6681850519512748,1,40100,0
60963,45369,11,2,80,0.7824076097678296,0,221798,0
151168,102132,8,0,64,0.4397966034418279,0,154512,1
174351,96402,8,1,17,0.22904390044231418,4,224688,1
126899,31676,1,0,134,0.4467497361802178,0,243535,1
44201,65093,21,1,44,0.5800305302782202,2,34947,0
168787,48764,7,0,26,0.3321063386564137,4,75532,1
178381,51799,6,1,25,0.3569159241255224,0,242153,1
164150,80414,21,1,178,0.10937987493027052,6,82398,1
23105,106296,8,3,74,0.2348036672135403,6,61413,0
135666,94095,19,0,16,0.547745695654001,1,236840,1
112848,113082,22,0,132,0.644027357665719,2,156176,0
20839,73307,21,2,101,0.6923863342932499,3,84841,0
86920,83062,24,1,118,0.9507100303641287,1,37860,0
61619,96432,20,4,27,0.7773958807563163,1,195256,0
60821,32923,8,0,110,0.416555382995351,0,204135,0
143736,118449,14,1,177,0.24415087438075156,4,126390,0
162565,102739,18,2,64,0.3936479439402349,7,243167,1
35069,105926,16,4,88,0.32874492057849847,4,15727,0
25531,79388,9,3,104,0.4864942768450137,6,228575,0
186123,48574,15,1,109,0.6460074542773894,2,91385,1
156808,44391,10,1,109,0.5555484898880679,0,135791,1
156782,54664,22,2,154,0.7967101666050957,4,247288,1
85155,68384,16,0,70,0.5370157059013774,6,115771,0
163047,32027,4,1,148,0.16936845284210633,5,145996,1
80424,36464,20,0,37,0.32460174898118765,7,11215,0
63603,35485,13,1,14,0.5385665412383821,3,247911,0
172324,20456,22,0,111,0.500307327316104,5,92124,1
150503,75795,5,4,58,0.7378155343851833,7,92826,0
186553,36554,22,1,16,0.45154839081711723,0,62494,1
110573,47922,7,5,73,0.4111913818043129,0,181081,1
158629,14409,23,1,95,0.10372381399583092,4,87545,1
121302,70327,9,0,144,0.27252095985526775,7,164984,1
149234,92400,8,2,149,0.5179298825579727,1,3144,1
183814,37639,16,1,91,0.4961238459527526,0,121170,1
37675,101110,6,2,74,0.580875030967947,1,170374,0
91997,64627,16,3,36,0.5491275926261783,2,128223,0
166087,84424,6,2,55,0.42505862302972197,6,82171,0
199129,20692,14,0,164,0.22962712179398967,2,232096,1
181663,90037,21,1,169,0.4501258853724346,7,186792,1
158905,79840,1,2,25,0.44026602726833275,7,119917,0
25896,55200,9,0,97,0.751800774978475,4,199614,0
182044,94063,24,0,167,0.7422010772343871,2,121416,1
67733,58415,13,4,30,0.3446685407591147,5,210098,0
59800,19074,19,1,113,0.31317719027647883,7,160116,1
114044,16549,17,2,31,0.15218946767565866,5,205707,1
23347,30963,11,2,90,0.41372465404215947,5,222108,0
151715,92456,8,0,150,0.3456744178866689,4,243687,1
58785,97362,23,2,109,0.98,4,120501,0
36681,102607,5,3,132,0.2046165407106575,5,2537,0
199098,53265,10,2,163,0.4628878174612712,1,116233,1
121864,17061,7,2,28,0.308570644036262,5,78552,1
164964,59226,10,0,167,0.45541575238431886,1,37453,1
65299,29810,4,0,61,0.3766528414755034,2,3980,0
35073,61006,9,3,21,0.6285293447252243,1,73442,0
120304,114502,14,1,160,0.546869986714149,7,166379,0
48682,23800,2,1,69,0.6211743206398136,0,90966,0
142302,117192,9,1,173,0.28455922849151105,3,177916,1
163361,109959,21,2,106,0.6874467040935588,0,161701,1
133359,108228,1,3,118,0.3440259337761229,0,160847,0
156999,76476,23,2,150,0.1406256369920671,4,173101,1
197402,70460,10,1,44,0.4099841141189853,3,97934,1
84707,58767,10,0,57,0.47494041606037335,4,194932,1
83428,29054,20,0,140,0.1750569100693568,1,197855,1
68601,76319,22,1,160,0.6421910436814504,5,43988,0
151611,103789,3,2,73,0.2715447735686305,6,188524,0
129487,46397,6,2,98,0.26212927731860436,6,133123,1
171741,14233,6,2,84,0.44999101381246953,6,26818,1
169716,112205,21,0,12,0.6386068339443447,1,134758,1
167817,91020,2,3,32,0.18251887347273066,3,152277,1
46228,26068,18,2,33,0.6569382195963397,2,221555,0
183593,66727,23,3,15,0.02,1,141168,1
140788,91610,2,1,76,0.5227469522645946,0,110336,1
115239,71453,12,2,74,0.20146728285979487,3,207224,1
44928,105135,22,1,154,0.2743188638079084,3,176159,0
36322,26832,5,2,47,0.8323352535839417,1,125574,0
105896,109464,20,1,40,0.2326042211559392,1,10545,0
80292,87242,7,2,80,0.4376264076145134,4,235066,0
47055,14682,24,0,168,0.21532355635640368,4,118377,1
60891,93298,16,0,122,0.6192215395221088,0,10484,0
99912,24383,20,2,164,0.5399674087182097,7,199324,1
155660,59160,1,0,155,0.5709564098095472,3,25667,0
108536,94332,1,0,111,0.6987912588805083,6,227808,0
24304,24666,17,2,52,0.37568185012728184,2,72111,0
25345,59817,1,1,159,0.6863916653566681,2,88492,0
178372,92198,21,6,175,0.7777793380290129,3,129000,1
173331,111695,20,1,59,0.5125779744328671,0,78206,0
109006,35642,13,1,141,0.20661760263121376,6,148709,0
164424,42830,9,0,168,0.18490929196017808,4,214954,1
147350,104067,15,1,155,0.5473001987540438,4,94476,0
182437,11234,3,1,174,0.20647653674719385,4,100941,1
37446,58616,14,4,122,0.15445270628278884,2,42747,0
20336,10221,23,0,73,0.6444232425912403,2,61749,0
80032,12410,11,1,118,0.34906451706669833,0,11491,1
115852,81055,24,0,117,0.98,2,55100,0
156593,62413,22,1,143,0.3053575474563814,1,125569,1
172553,2051,12,1,124,0.34058109613723286,2,145703,1
36474,111529,13,0,79,0.529026574032883,4,220542,0
195832,76301,13,0,100,0.4950043121938378,0,160254,1
73718,77918,1,0,172,0.4314792403752472,3,10903,0
62629,79116,24,2,89,0.42624813285378094,3,94722,0
63232,57563,10,1,163,0.98,0,59782,0
104544,98859,3,1,86,0.8153695886310809,1,79261,0
68669,45757,24,2,36,0.6355752292124113,3,79606,0
87184,78475,4,4,167,0.18040755639256484,4,38109,0
197017,52257,16,2,18,0.433739641189812,3,83604,1
31140,96500,8,0,124,0.5953197435917934,3,73086,0
144468,1307,16,1,47,0.6146082053396558,4,193508,1
101457,57889,17,1,21,0.731073624196797,2,151239,0
32357,69895,19,4,124,0.3089463768812415,1,27443,0
129672,96184,22,0,47,0.44152209582666413,6,213296,1
86673,36944,15,1,29,0.28389672516547987,4,183712,1
139673,100555,16,1,145,0.7436443088335776,4,117155,0
83633,39134,15,2,146,0.6037419587739656,5,132560,1
114111,28323,2,1,113,0.338384660186271,0,236959,1
96258,117205,11,5,151,0.4994731372078315,7,162620,0
161996,72762,1,2,36,0.46106806849389814,1,210721,1
87286,88225,15,0,44,0.2564149581629315,2,249177,0
111269,97507,19,1,98,0.6546365703539518,5,64358,0
92071,26954,4,2,84,0.4669345939296507,6,89825,0
48651,56021,11,1,17,0.33354957337832863,4,151232,0
88202,90959,5,1,148,0.25263593155145503,6,101385,0
66777,96927,3,1,78,0.6380111994141465,6,179277,0
166066,80866,13,0,155,0.508991100541388,6,64280,0
85263,71427,10,0,104,0.29717621589696974,5,217917,0
118158,5992,11,0,119,0.3404762275808294,7,38852,1
28800,2961,18,3,179,0.4512144135469169,2,47021,1
55823,13497,2,0,37,0.4640382853350231,5,107932,0
81878,118551,7,1,49,0.4922519724611687,5,8195,0
36708,33551,9,2,174,0.06077817313069245,7,199619,0
161891,77384,10,1,153,0.47649074675669845,5,157358,1
81870,56755,18,1,114,0.18178683699272913,4,166653,1
27283,14255,23,1,53,0.7621809231752553,4,79674,0
179645,5567,7,1,158,0.6794437918161247,0,28719,1
96707,49847,7,1,77,0.7044806913563004,3,100576,0
180005,105817,3,2,53,0.02,1,50450,1
23774,49003,12,2,49,0.3841799970801595,0,22028,0
160055,21389,7,1,152,0.4328383583924055,2,18192,1
114468,45523,17,1,117,0.5764992253748014,5,85636,0
114334,62576,1,2,163,0.6481924034575682,4,73812,0
36133,44919,5,1,107,0.732617640888527,5,29551,0
164011,83103,16,2,169,0.02,4,122920,1
18781,4358,15,1,81,0.2737138940598749,6,205436,0
132586,89535,2,3,49,0.4627157444013212,1,197383,0
45624,108894,9,2,108,0.6324897906597359,0,63444,0
24823,77524,7,1,119,0.6263985776357326,0,166196,0
36489,106982,4,2,130,0.5544785483509461,2,15654,0
189033,98057,20,4,162,0.3098466148042931,6,2203,1
47118,6698,18,0,85,0.33784384821043745,0,153201,1
118417,67809,21,3,68,0.3115212631957967,0,118284,1
99816,94079,4,1,121,0.2341682233417667,3,74150,0
171335,56805,13,3,90,0.23108720898834503,7,246175,1
31565,32349,1,0,162,0.21004748616569177,1,166336,0
169426,77777,24,0,47,0.5239090301486801,5,146061,1
192023,51248,3,1,68,0.47735270649934913,7,129812,1
109179,76033,16,4,140,0.24610691867481915,0,182286,1
41648,108411,22,2,14,0.07347381584693141,2,200187,0
199801,99239,4,3,25,0.3687466829446798,5,194750,1
59971,45041,23,2,45,0.7756122150571905,4,190955,0
36658,32954,16,4,81,0.4513295174108709,6,186517,0
39253,9002,19,5,80,0.6260168880417031,6,203484,1
197635,70783,1,2,115,0.48961010883187034,0,108154,1
175462,108524,5,1,40,0.43721036713859196,0,202733,1
106664,88234,19,2,59,0.12592858458276102,5,138400,0
121850,20738,22,2,105,0.36052929992152044,7,130062,1
181730,11703,24,1,90,0.3323466178769263,4,182040,1
155924,114776,11,3,128,0.7758680942547531,3,175112,0
151623,50422,13,2,155,0.49030854416671993,1,61199,1
89947,84106,20,3,149,0.7310578733215856,3,59039,0
79001,62899,5,0,158,0.6980382140468382,7,79232,0
198231,13392,21,1,78,0.2638989111256155,2,103683,1
140775,45724,4,1,175,0.4502551040293331,5,52750,1
51243,33299,4,1,143,0.8206732913801973,0,18119,0
170872,16641,4,1,86,0.5738994299121991,3,26017,1
93939,80534,4,0,172,0.5605981718955749,1,181852,0
75828,7305,20,1,39,0.65098783795406,2,159276,1
156311,99262,21,3,132,0.555683845964665,6,152634,1
24710,19782,18,4,20,0.5701981284265654,7,157500,0
170456,79257,18,1,145,0.5164643036584752,3,23497,1
170110,106299,16,0,134,0.37525343737558015,0,5372,1
189918,78963,9,1,60,0.21721999667155256,1,90683,1
55991,113086,18,0,102,0.041470718999829626,0,19453,0
156043,21566,22,1,136,0.3775374787723725,0,114716,1
178211,68766,2,2,87,0.5460529632861676,2,53928,0
103445,7511,21,3,161,0.5024856403035672,1,35960,1
98257,115816,4,2,115,0.5899005118876219,4,19197,0
55711,108765,12,0,160,0.42227039306976094,6,101456,0
24530,119360,7,0,44,0.98,7,188056,0
29116,27177,15,1,168,0.8959965863251611,0,134955,0
83794,5765,7,1,64,0.116129054388035,7,18651,1
149354,21354,22,4,51,0.5944319361683679,1,218663,1
150970,24929,21,1,29,0.6631305936048232,0,4812,1
22135,29820,17,2,24,0.02,3,97981,0
155701,112576,16,0,166,0.486714521999126,3,244248,1
127472,30523,19,3,85,0.5637213340125418,1,8562,1
143147,72088,9,1,107,0.44876322740785857,6,205621,1
107087,67163,14,1,116,0.5349142304916072,2,72713,0
51380,78525,17,2,142,0.4673939628581211,4,22469,0
147951,14780,5,3,161,0.6045674810857486,3,182607,1
35071,7589,2,0,166,0.7906353122938801,2,194372,0
38074,35812,20,3,78,0.6195279748903676,4,119538,0
85843,94664,16,4,44,0.7085687346199432,3,98765,0
57901,46939,14,5,13,0.21736779258175604,4,227709,0
29205,52493,14,0,86,0.896033144734319,5,95523,0
142661,105188,1,0,85,0.5192838781167122,0,90641,0
23906,94326,3,0,172,0.36407546713147493,1,222075,0
151663,41953,7,0,146,0.5413837178529052,3,84969,1
143576,66785,15,1,154,0.33018537065167,3,20217,1
80987,20309,19,1,37,0.4803759864964142,7,98844,1
98685,55195,20,0,150,0.516247172210654,0,142061,0
128454,116662,2,0,139,0.29902851969103533,3,170307,0
123487,26901,19,2,177,0.48427243218443916,3,86895,1
72400,24576,9,3,38,0.2957911849459744,5,203763,1
174222,32508,19,3,146,0.29437456144623086,3,189922,1
49852,75711,5,0,140,0.22759169035553142,3,245512,0
191942,26464,18,4,32,0.3677847326342034,3,183514,1
70756,61281,16,2,90,0.3288476129299337,2,75497,0
133357,17260,4,1,169,0.5542531393505781,3,157055,1
137052,36440,12,0,105,0.6911870806600833,0,9186,1
74481,96082,7,2,19,0.595659129038502,5,140578,0
19283,106583,14,1,94,0.6639495653324448,3,249947,0
51691,57683,23,2,14,0.6453969888014028,4,174098,0
150197,42430,12,3,66,0.2461269111496402,5,179142,1
44170,2987,3,2,154,0.37650549693010915,5,182023,0
26438,115778,5,4,47,0.8414698698280774,4,97761,0
38095,26105,17,2,17,0.3301794763044382,0,126272,0
165226,79484,10,0,132,0.857853955594531,2,9791,0
157076,119747,10,2,53,0.35821438766896385,6,194407,1
27752,14026,11,0,61,0.02,7,95133,0
73426,69309,17,3,123,0.3955982902311763,6,74306,0
44819,46927,5,0,157,0.6362452415131172,0,11893,0
110051,76414,13,1,61,0.8159593792291221,2,158226,1
173289,58535,10,0,41,0.12486009813959403,1,91854,1
50994,43946,9,2,50,0.6322187352938728,4,183829,0
164108,57561,17,0,127,0.6464925215191344,7,194459,1
115756,11377,1,1,151,0.7363085258676922,5,173827,0
198488,54592,4,0,70,0.02,5,107469,1
158659,8347,4,1,87,0.8145025165497388,5,146586,0
113665,34776,18,3,143,0.5469984405078178,4,164430,1
149717,4783,9,2,175,0.5509023688018755,4,221046,1
180002,56798,18,0,59,0.6785797004274459,7,126858,1
99835,5298,14,1,153,0.02,6,104809,1
140232,71204,15,2,92,0.6732997311344848,6,226064,1
179162,87207,6,1,60,0.9724818097078418,6,25631,1
175547,101356,24,1,78,0.1488969591423383,2,7807,1
167960,56161,10,1,88,0.4358333679267521,5,204864,1
61732,61652,15,0,148,0.4582413049114615,0,213764,0
64305,35484,4,1,32,0.5284196410903381,2,132184,0
195109,99614,18,0,116,0.5437286970345127,5,13908,1
27346,113695,18,0,83,0.3022717863092492,4,157507,0
18587,21922,17,2,27,0.45878910602424244,4,202892,0
30763,35028,12,1,155,0.8336869312437069,4,63716,0
87615,112461,7,2,39,0.5393535967839773,5,32432,0
185188,21316,16,2,91,0.5310147816463926,6,213046,1
138987,77996,11,1,68,0.29279951137928634,4,102458,1
109353,17968,14,2,121,0.7446109877343634,1,173582,1
113648,31266,3,0,63,0.4022772003458179,4,147299,1
